State,Year,Category,E-Waste Generated (Tonnes),E-Waste Collected (Tonnes),Collection Rate (%),Recycled (Tonnes),Recycling Efficiency (%),Hazardous Waste (Tonnes),Region
Maharashtra,2018,Computers & Peripherals,"4,092.50",772.1,0.189,516.3,0.669,582.4,West
Maharashtra,2018,Mobile Phones & Tablets,"3,804.30",881.3,0.232,725.3,0.823,489.6,West
Maharashtra,2018,Television & Monitors,"2,649.40",500.6,0.189,327.7,0.655,451.8,West
Maharashtra,2018,Refrigerators & AC,"2,233.60",447,0.2,340.8,0.762,389.8,West
Maharashtra,2018,Washing Machines,"1,343.40",303.5,0.226,243.5,0.802,162.1,West
Maharashtra,2018,Printers & Scanners,"1,352.50",315.2,0.233,215.9,0.685,183.3,West
Maharashtra,2018,Batteries & Cells,"1,797.80",376.1,0.209,234.4,0.623,233.1,West
Maharashtra,2018,Lighting Equipment,975.1,221.2,0.227,177.4,0.802,188.2,West
Maharashtra,2019,Computers & Peripherals,"4,433.80","1,265.80",0.285,879.3,0.695,776.8,West
Maharashtra,2019,Mobile Phones & Tablets,"4,311.90","1,116.30",0.259,910.3,0.815,766.4,West
Maharashtra,2019,Television & Monitors,"3,144.10",678.9,0.216,446,0.657,468.3,West
Maharashtra,2019,Refrigerators & AC,"2,515.10",578.4,0.23,361.6,0.625,371.7,West
Maharashtra,2019,Washing Machines,"1,650.50",395.9,0.24,274.2,0.693,232.6,West
Maharashtra,2019,Printers & Scanners,"1,320.40",373.3,0.283,284.5,0.762,238.9,West
Maharashtra,2019,Batteries & Cells,"1,656.30",442.5,0.267,283.6,0.641,261.6,West
Maharashtra,2019,Lighting Equipment,"1,116.40",290.8,0.26,215,0.739,210.4,West
Maharashtra,2020,Computers & Peripherals,"4,671.60","1,062.30",0.227,698.2,0.657,575.6,West
Maharashtra,2020,Mobile Phones & Tablets,"3,750.20",732.7,0.195,478.3,0.653,803.6,West
Maharashtra,2020,Television & Monitors,"3,208.80",636.4,0.198,486.1,0.764,512,West
Maharashtra,2020,Refrigerators & AC,"3,020.10",626.4,0.207,417.3,0.666,436.9,West
Maharashtra,2020,Washing Machines,"1,592.70",310.7,0.195,231.8,0.746,334.1,West
Maharashtra,2020,Printers & Scanners,"1,340.20",257.7,0.192,218.9,0.849,229.1,West
Maharashtra,2020,Batteries & Cells,"1,592.40",289,0.181,181.3,0.627,291,West
Maharashtra,2020,Lighting Equipment,"1,049.80",215.3,0.205,132.6,0.616,166,West
Maharashtra,2021,Computers & Peripherals,"5,051.90","1,375.90",0.272,"1,159.60",0.843,"1,041.10",West
Maharashtra,2021,Mobile Phones & Tablets,"3,622.80","1,042.90",0.288,803.5,0.77,629.3,West
Maharashtra,2021,Television & Monitors,"2,905.70",817.7,0.281,513.4,0.628,475,West
Maharashtra,2021,Refrigerators & AC,"2,840.90",871.5,0.307,713.7,0.819,415.7,West
Maharashtra,2021,Washing Machines,"1,641.80",400.6,0.244,331.8,0.828,339.9,West
Maharashtra,2021,Printers & Scanners,"1,366.90",384.4,0.281,289.2,0.752,184.9,West
Maharashtra,2021,Batteries & Cells,"1,963.20",536.3,0.273,426.2,0.795,339.7,West
Maharashtra,2021,Lighting Equipment,903,230.9,0.256,139.7,0.605,192.3,West
Maharashtra,2022,Computers & Peripherals,"5,097.50","1,681.40",0.33,"1,138.10",0.677,641.2,West
Maharashtra,2022,Mobile Phones & Tablets,"4,633.40","1,576.40",0.34,979.6,0.621,781.2,West
Maharashtra,2022,Television & Monitors,"2,856.60",924,0.323,731.3,0.791,379.5,West
Maharashtra,2022,Refrigerators & AC,"2,956.00",900,0.304,599.6,0.666,612.6,West
Maharashtra,2022,Washing Machines,"1,667.90",457.1,0.274,335.9,0.735,321.9,West
Maharashtra,2022,Printers & Scanners,"1,380.20",390.7,0.283,331.6,0.849,255.3,West
Maharashtra,2022,Batteries & Cells,"1,883.20",567.9,0.302,357.9,0.63,268.3,West
Maharashtra,2022,Lighting Equipment,"1,020.70",314.3,0.308,206.7,0.658,145,West
Maharashtra,2023,Computers & Peripherals,"4,333.80","1,486.40",0.343,976.9,0.657,912.4,West
Maharashtra,2023,Mobile Phones & Tablets,"4,771.10","1,371.80",0.288,904.7,0.659,891.7,West
Maharashtra,2023,Television & Monitors,"3,068.10",900.8,0.294,751.2,0.834,543.4,West
Maharashtra,2023,Refrigerators & AC,"3,054.20","1,093.90",0.358,877.2,0.802,424.7,West
Maharashtra,2023,Washing Machines,"1,586.90",512.8,0.323,362,0.706,264.5,West
Maharashtra,2023,Printers & Scanners,"1,621.70",563,0.347,476.3,0.846,210.6,West
Maharashtra,2023,Batteries & Cells,"1,930.20",606.3,0.314,494.4,0.815,279.6,West
Maharashtra,2023,Lighting Equipment,"1,016.40",330.2,0.325,232.9,0.705,150.3,West
Tamil Nadu,2018,Computers & Peripherals,"2,895.10",717.8,0.248,510.2,0.711,596.8,South
Tamil Nadu,2018,Mobile Phones & Tablets,"2,833.80",539.4,0.19,458.4,0.85,577,South
Tamil Nadu,2018,Television & Monitors,"2,336.40",579.8,0.248,470.9,0.812,319.2,South
Tamil Nadu,2018,Refrigerators & AC,"1,953.20",392.8,0.201,275.1,0.7,245.8,South
Tamil Nadu,2018,Washing Machines,"1,087.50",274.1,0.252,182.6,0.666,215.8,South
Tamil Nadu,2018,Printers & Scanners,969.4,208.3,0.215,174.8,0.839,212.8,South
Tamil Nadu,2018,Batteries & Cells,"1,276.90",299.3,0.234,191.2,0.639,191.1,South
Tamil Nadu,2018,Lighting Equipment,778.7,175.4,0.225,129,0.735,151.7,South
Tamil Nadu,2019,Computers & Peripherals,"3,055.40",783.1,0.256,568.3,0.726,627.2,South
Tamil Nadu,2019,Mobile Phones & Tablets,"2,852.50",811.7,0.285,503.3,0.62,395.3,South
Tamil Nadu,2019,Television & Monitors,"2,384.20",627.4,0.263,413.3,0.659,314.7,South
Tamil Nadu,2019,Refrigerators & AC,"2,379.40",549.6,0.231,411.4,0.749,432.9,South
Tamil Nadu,2019,Washing Machines,"1,219.10",312.4,0.256,228.3,0.731,260.2,South
Tamil Nadu,2019,Printers & Scanners,"1,010.60",269,0.266,177.5,0.66,161.3,South
Tamil Nadu,2019,Batteries & Cells,"1,456.20",342.2,0.235,232.4,0.679,284.2,South
Tamil Nadu,2019,Lighting Equipment,697.3,172.1,0.247,146.2,0.85,153.1,South
Tamil Nadu,2020,Computers & Peripherals,"3,013.40",578.4,0.192,385.4,0.666,642.8,South
Tamil Nadu,2020,Mobile Phones & Tablets,"3,331.00",779.1,0.234,539.4,0.692,452.3,South
Tamil Nadu,2020,Television & Monitors,"2,472.30",550.9,0.223,414.8,0.753,540.7,South
Tamil Nadu,2020,Refrigerators & AC,"2,215.30",396.5,0.179,318.9,0.804,332.2,South
Tamil Nadu,2020,Washing Machines,"1,268.70",301.5,0.238,191,0.633,166.9,South
Tamil Nadu,2020,Printers & Scanners,967.5,206.4,0.213,137.9,0.668,174.6,South
Tamil Nadu,2020,Batteries & Cells,"1,445.10",276.5,0.191,209.7,0.758,211.6,South
Tamil Nadu,2020,Lighting Equipment,760.9,179.2,0.236,145.4,0.811,98.3,South
Tamil Nadu,2021,Computers & Peripherals,"3,446.80",868.3,0.252,521.7,0.601,679.4,South
Tamil Nadu,2021,Mobile Phones & Tablets,"3,297.00",826.6,0.251,649.1,0.785,577.5,South
Tamil Nadu,2021,Television & Monitors,"2,352.50",541.7,0.23,335.2,0.619,490.1,South
Tamil Nadu,2021,Refrigerators & AC,"2,451.00",670.8,0.274,542.4,0.809,436.9,South
Tamil Nadu,2021,Washing Machines,"1,169.00",280.4,0.24,189.8,0.677,245.4,South
Tamil Nadu,2021,Printers & Scanners,"1,196.60",358,0.299,295.3,0.825,168.7,South
Tamil Nadu,2021,Batteries & Cells,"1,350.10",321.1,0.238,255.3,0.795,281.4,South
Tamil Nadu,2021,Lighting Equipment,780.1,218.3,0.28,139.4,0.639,166.2,South
Tamil Nadu,2022,Computers & Peripherals,"3,952.40","1,355.10",0.343,"1,087.70",0.803,822.7,South
Tamil Nadu,2022,Mobile Phones & Tablets,"2,927.20",940.5,0.321,642.4,0.683,623.7,South
Tamil Nadu,2022,Television & Monitors,"2,657.70",884.4,0.333,709.9,0.803,389.8,South
Tamil Nadu,2022,Refrigerators & AC,"2,472.30",654.5,0.265,535.4,0.818,508.9,South
Tamil Nadu,2022,Washing Machines,"1,233.60",405.2,0.328,289.7,0.715,185.7,South
Tamil Nadu,2022,Printers & Scanners,"1,238.40",341.2,0.275,206.7,0.606,172.5,South
Tamil Nadu,2022,Batteries & Cells,"1,425.50",474.4,0.333,399.3,0.842,210.8,South
Tamil Nadu,2022,Lighting Equipment,854,248.5,0.291,210.1,0.845,148.3,South
Tamil Nadu,2023,Computers & Peripherals,"4,153.70","1,212.50",0.292,"1,021.70",0.843,572.6,South
Tamil Nadu,2023,Mobile Phones & Tablets,"3,795.20","1,164.30",0.307,730.1,0.627,620.3,South
Tamil Nadu,2023,Television & Monitors,"2,702.50",842,0.312,632.8,0.752,462.5,South
Tamil Nadu,2023,Refrigerators & AC,"2,325.30",785,0.338,521,0.664,443.8,South
Tamil Nadu,2023,Washing Machines,"1,203.00",447.7,0.372,328.9,0.735,230.9,South
Tamil Nadu,2023,Printers & Scanners,"1,265.00",438.8,0.347,303.2,0.691,160.7,South
Tamil Nadu,2023,Batteries & Cells,"1,597.80",500.4,0.313,339.5,0.678,327.2,South
Tamil Nadu,2023,Lighting Equipment,899,278.9,0.31,188.9,0.677,144.6,South
Karnataka,2018,Computers & Peripherals,"2,793.00",576.8,0.207,364.4,0.632,452.6,South
Karnataka,2018,Mobile Phones & Tablets,"2,874.80",666.1,0.232,550,0.826,521.9,South
Karnataka,2018,Television & Monitors,"1,856.80",414.4,0.223,248.7,0.6,276.1,South
Karnataka,2018,Refrigerators & AC,"1,789.40",403.1,0.225,307.8,0.764,297.9,South
Karnataka,2018,Washing Machines,"1,025.60",206.3,0.201,148.2,0.718,215.5,South
Karnataka,2018,Printers & Scanners,974.7,193.2,0.198,120,0.621,167.2,South
Karnataka,2018,Batteries & Cells,"1,207.30",252.5,0.209,203.2,0.805,235.6,South
Karnataka,2018,Lighting Equipment,677,136.6,0.202,88.8,0.65,82.9,South
Karnataka,2019,Computers & Peripherals,"2,980.20",739.5,0.248,600.8,0.812,379.3,South
Karnataka,2019,Mobile Phones & Tablets,"2,826.70",734.2,0.26,476.2,0.649,536,South
Karnataka,2019,Television & Monitors,"2,161.60",498.9,0.231,381.2,0.764,260.6,South
Karnataka,2019,Refrigerators & AC,"2,141.90",578.9,0.27,362.8,0.627,348.1,South
Karnataka,2019,Washing Machines,"1,064.60",302.7,0.284,220.8,0.729,133.1,South
Karnataka,2019,Printers & Scanners,949.3,262.1,0.276,187.2,0.714,190,South
Karnataka,2019,Batteries & Cells,"1,350.90",387.2,0.287,290,0.749,290.4,South
Karnataka,2019,Lighting Equipment,789.3,204,0.258,159.1,0.78,134.6,South
Karnataka,2020,Computers & Peripherals,"3,364.70",716.7,0.213,590.8,0.824,654,South
Karnataka,2020,Mobile Phones & Tablets,"2,816.80",548.8,0.195,363.2,0.662,517.6,South
Karnataka,2020,Television & Monitors,"2,261.10",477.9,0.211,361.6,0.757,333.4,South
Karnataka,2020,Refrigerators & AC,"1,782.60",350.3,0.197,234,0.668,270.9,South
Karnataka,2020,Washing Machines,"1,144.50",214.3,0.187,141,0.658,216.8,South
Karnataka,2020,Printers & Scanners,"1,041.00",190,0.183,133.4,0.702,181.4,South
Karnataka,2020,Batteries & Cells,"1,249.50",239.3,0.192,168.7,0.705,263,South
Karnataka,2020,Lighting Equipment,722.8,160.7,0.222,130.8,0.814,142.1,South
Karnataka,2021,Computers & Peripherals,"3,166.80",728.3,0.23,501,0.688,618.6,South
Karnataka,2021,Mobile Phones & Tablets,"3,215.40",986.3,0.307,695.1,0.705,626.2,South
Karnataka,2021,Television & Monitors,"2,247.60",625.6,0.278,409.9,0.655,319,South
Karnataka,2021,Refrigerators & AC,"2,042.80",473.6,0.232,324,0.684,383.9,South
Karnataka,2021,Washing Machines,"1,158.40",281.3,0.243,201.6,0.717,153.8,South
Karnataka,2021,Printers & Scanners,"1,067.80",247.4,0.232,172.8,0.698,188.4,South
Karnataka,2021,Batteries & Cells,"1,182.40",332.9,0.282,211,0.634,196.5,South
Karnataka,2021,Lighting Equipment,661,172,0.26,112.3,0.653,100.9,South
Karnataka,2022,Computers & Peripherals,"3,586.40","1,036.90",0.289,817.1,0.788,728.7,South
Karnataka,2022,Mobile Phones & Tablets,"2,885.60",757.1,0.262,457.9,0.605,501.9,South
Karnataka,2022,Television & Monitors,"2,577.10",738.3,0.286,563,0.763,510.6,South
Karnataka,2022,Refrigerators & AC,"2,225.80",718.7,0.323,601.8,0.837,311.5,South
Karnataka,2022,Washing Machines,"1,085.90",291.8,0.269,184.3,0.632,203,South
Karnataka,2022,Printers & Scanners,"1,090.30",299.4,0.275,232,0.775,214.5,South
Karnataka,2022,Batteries & Cells,"1,270.50",393.4,0.31,309.6,0.787,167,South
Karnataka,2022,Lighting Equipment,825.8,282.3,0.342,177,0.627,101.2,South
Karnataka,2023,Computers & Peripherals,"3,331.70","1,158.00",0.348,972.2,0.84,532,South
Karnataka,2023,Mobile Phones & Tablets,"3,335.70",960.8,0.288,742.4,0.773,609.5,South
Karnataka,2023,Television & Monitors,"2,151.70",768.1,0.357,624.1,0.813,387.4,South
Karnataka,2023,Refrigerators & AC,"2,018.50",762.8,0.378,606.9,0.796,312.3,South
Karnataka,2023,Washing Machines,"1,247.00",395.5,0.317,287.3,0.726,192.2,South
Karnataka,2023,Printers & Scanners,"1,203.30",435.5,0.362,272.8,0.626,260,South
Karnataka,2023,Batteries & Cells,"1,473.80",534.3,0.363,415.1,0.777,241,South
Karnataka,2023,Lighting Equipment,837.5,315,0.376,210.3,0.668,168.2,South
Delhi,2018,Computers & Peripherals,"3,552.20",777.6,0.219,551.2,0.709,685.9,North
Delhi,2018,Mobile Phones & Tablets,"3,022.10",735,0.243,593.6,0.808,388.8,North
Delhi,2018,Television & Monitors,"2,619.80",532.1,0.203,381.1,0.716,474.3,North
Delhi,2018,Refrigerators & AC,"2,174.90",410.8,0.189,333.9,0.813,300.5,North
Delhi,2018,Washing Machines,"1,191.60",285.6,0.24,195.7,0.685,247.9,North
Delhi,2018,Printers & Scanners,"1,174.10",241,0.205,145.2,0.602,252.2,North
Delhi,2018,Batteries & Cells,"1,296.80",304.1,0.235,219.6,0.722,253.9,North
Delhi,2018,Lighting Equipment,836.6,192.1,0.23,138.8,0.723,166.7,North
Delhi,2019,Computers & Peripherals,"3,525.60",807.8,0.229,624.4,0.773,531,North
Delhi,2019,Mobile Phones & Tablets,"3,621.50",898.1,0.248,658.1,0.733,588.7,North
Delhi,2019,Television & Monitors,"2,821.20",669.5,0.237,519.3,0.776,415,North
Delhi,2019,Refrigerators & AC,"2,338.10",518,0.222,335.7,0.648,308.5,North
Delhi,2019,Washing Machines,"1,433.00",386.4,0.27,249.7,0.646,203,North
Delhi,2019,Printers & Scanners,"1,238.50",330.5,0.267,279,0.844,213.6,North
Delhi,2019,Batteries & Cells,"1,515.20",333.4,0.22,216.2,0.648,216.3,North
Delhi,2019,Lighting Equipment,819.7,175.1,0.214,128.4,0.733,120.8,North
Delhi,2020,Computers & Peripherals,"4,273.50",911.8,0.213,706.1,0.774,566.8,North
Delhi,2020,Mobile Phones & Tablets,"3,796.40",795.1,0.209,650.5,0.818,673.5,North
Delhi,2020,Television & Monitors,"2,596.80",535.6,0.206,346,0.646,325,North
Delhi,2020,Refrigerators & AC,"2,700.10",563.2,0.209,453.7,0.806,432.2,North
Delhi,2020,Washing Machines,"1,252.60",273.3,0.218,167.6,0.613,169,North
Delhi,2020,Printers & Scanners,"1,239.20",244.9,0.198,207.8,0.849,163.4,North
Delhi,2020,Batteries & Cells,"1,669.20",361.7,0.217,288.5,0.798,238,North
Delhi,2020,Lighting Equipment,876.7,181.4,0.207,128.9,0.711,180.6,North
Delhi,2021,Computers & Peripherals,"4,484.70","1,140.20",0.254,861.1,0.755,811.6,North
Delhi,2021,Mobile Phones & Tablets,"3,858.20","1,181.60",0.306,770.3,0.652,544.4,North
Delhi,2021,Television & Monitors,"2,841.30",688.2,0.242,442.8,0.643,362.3,North
Delhi,2021,Refrigerators & AC,"2,248.80",598.2,0.266,447.7,0.748,335.4,North
Delhi,2021,Washing Machines,"1,365.20",391.5,0.287,303.7,0.776,225.8,North
Delhi,2021,Printers & Scanners,"1,334.20",406,0.304,323.6,0.797,243.5,North
Delhi,2021,Batteries & Cells,"1,705.10",520.3,0.305,367.5,0.706,297.5,North
Delhi,2021,Lighting Equipment,944.3,286.2,0.303,230.9,0.807,120.1,North
Delhi,2022,Computers & Peripherals,"3,820.60","1,080.00",0.283,850.2,0.787,675.9,North
Delhi,2022,Mobile Phones & Tablets,"3,584.40",954.1,0.266,736.7,0.772,680.9,North
Delhi,2022,Television & Monitors,"3,132.90",940,0.3,680,0.723,401.1,North
Delhi,2022,Refrigerators & AC,"2,351.30",691,0.294,470.3,0.681,341,North
Delhi,2022,Washing Machines,"1,362.30",465.3,0.342,376.4,0.809,241.8,North
Delhi,2022,Printers & Scanners,"1,464.60",505.2,0.345,388,0.768,215.2,North
Delhi,2022,Batteries & Cells,"1,511.70",488.4,0.323,350.5,0.718,279.9,North
Delhi,2022,Lighting Equipment,"1,038.30",281.7,0.271,210.2,0.746,190.5,North
Delhi,2023,Computers & Peripherals,"4,285.90","1,240.90",0.29,852.5,0.687,657.2,North
Delhi,2023,Mobile Phones & Tablets,"4,063.40","1,484.80",0.365,"1,013.30",0.682,769.5,North
Delhi,2023,Television & Monitors,"2,779.20","1,039.60",0.374,835.2,0.803,486.4,North
Delhi,2023,Refrigerators & AC,"2,703.20",842.4,0.312,573.5,0.681,586.6,North
Delhi,2023,Washing Machines,"1,525.70",505.7,0.331,428.3,0.847,283.4,North
Delhi,2023,Printers & Scanners,"1,380.40",443.7,0.321,287,0.647,215.6,North
Delhi,2023,Batteries & Cells,"1,864.90",638.6,0.342,504.5,0.79,261.7,North
Delhi,2023,Lighting Equipment,987.5,367.7,0.372,260.9,0.71,187.5,North
Uttar Pradesh,2018,Computers & Peripherals,"2,400.10",603,0.251,453.6,0.752,345.4,North
Uttar Pradesh,2018,Mobile Phones & Tablets,"2,203.20",492.1,0.223,363.2,0.738,284.9,North
Uttar Pradesh,2018,Television & Monitors,"2,012.70",497.6,0.247,356,0.715,265.2,North
Uttar Pradesh,2018,Refrigerators & AC,"1,813.90",398.9,0.22,310.8,0.779,310,North
Uttar Pradesh,2018,Washing Machines,907.8,219.8,0.242,185.7,0.845,131.1,North
Uttar Pradesh,2018,Printers & Scanners,850.3,180.5,0.212,149.9,0.83,145.3,North
Uttar Pradesh,2018,Batteries & Cells,"1,178.30",287.5,0.244,192.4,0.669,234.5,North
Uttar Pradesh,2018,Lighting Equipment,587.8,146.2,0.249,106.3,0.727,118.8,North
Uttar Pradesh,2019,Computers & Peripherals,"2,777.70",652.5,0.235,487.2,0.747,610.8,North
Uttar Pradesh,2019,Mobile Phones & Tablets,"2,657.40",594.3,0.224,436.6,0.735,410.6,North
Uttar Pradesh,2019,Television & Monitors,"2,022.90",512.3,0.253,365.7,0.714,307.8,North
Uttar Pradesh,2019,Refrigerators & AC,"1,725.50",456.9,0.265,339.5,0.743,247.4,North
Uttar Pradesh,2019,Washing Machines,"1,136.10",245.1,0.216,192.7,0.786,216.5,North
Uttar Pradesh,2019,Printers & Scanners,"1,002.10",242,0.241,185.4,0.766,202.5,North
Uttar Pradesh,2019,Batteries & Cells,"1,337.10",333.8,0.25,203.4,0.609,227.6,North
Uttar Pradesh,2019,Lighting Equipment,680.4,189,0.278,154.7,0.819,111.6,North
Uttar Pradesh,2020,Computers & Peripherals,"2,895.50",600.2,0.207,468.5,0.781,466.2,North
Uttar Pradesh,2020,Mobile Phones & Tablets,"2,713.20",510.7,0.188,366.4,0.717,588.5,North
Uttar Pradesh,2020,Television & Monitors,"1,886.00",419,0.222,319.5,0.763,387,North
Uttar Pradesh,2020,Refrigerators & AC,"1,986.00",462,0.233,321.1,0.695,301.2,North
Uttar Pradesh,2020,Washing Machines,"1,101.30",249.3,0.226,204,0.818,136.1,North
Uttar Pradesh,2020,Printers & Scanners,820.8,179.2,0.218,148.8,0.83,180.4,North
Uttar Pradesh,2020,Batteries & Cells,"1,246.90",256.7,0.206,160.3,0.624,228.7,North
Uttar Pradesh,2020,Lighting Equipment,712.5,147.1,0.206,113.8,0.774,149.9,North
Uttar Pradesh,2021,Computers & Peripherals,"2,681.70",788.4,0.294,530.9,0.673,422.3,North
Uttar Pradesh,2021,Mobile Phones & Tablets,"2,503.30",682.2,0.273,505.8,0.741,498.8,North
Uttar Pradesh,2021,Television & Monitors,"1,889.50",445.7,0.236,364.5,0.818,343.8,North
Uttar Pradesh,2021,Refrigerators & AC,"1,796.10",545,0.303,346.5,0.636,298.4,North
Uttar Pradesh,2021,Washing Machines,"1,029.80",257.6,0.25,155.2,0.602,206.4,North
Uttar Pradesh,2021,Printers & Scanners,"1,049.80",298.5,0.284,190.9,0.64,172.3,North
Uttar Pradesh,2021,Batteries & Cells,"1,185.60",328.5,0.277,249.6,0.76,192.6,North
Uttar Pradesh,2021,Lighting Equipment,643,191.6,0.298,124.5,0.65,101.9,North
Uttar Pradesh,2022,Computers & Peripherals,"3,102.60",857.4,0.276,637,0.743,550.7,North
Uttar Pradesh,2022,Mobile Phones & Tablets,"3,166.90",891.7,0.282,753,0.844,588.5,North
Uttar Pradesh,2022,Television & Monitors,"2,009.00",614.6,0.306,474.1,0.771,390.7,North
Uttar Pradesh,2022,Refrigerators & AC,"1,767.80",547.3,0.31,396.3,0.724,372,North
Uttar Pradesh,2022,Washing Machines,"1,074.70",351.3,0.327,264.1,0.752,166.8,North
Uttar Pradesh,2022,Printers & Scanners,"1,023.70",318.2,0.311,244.8,0.769,196.6,North
Uttar Pradesh,2022,Batteries & Cells,"1,323.10",437.2,0.33,331,0.757,278.3,North
Uttar Pradesh,2022,Lighting Equipment,732.9,207.3,0.283,147.2,0.71,130.4,North
Uttar Pradesh,2023,Computers & Peripherals,"3,400.40",984.2,0.289,663.1,0.674,662.2,North
Uttar Pradesh,2023,Mobile Phones & Tablets,"2,700.10",792.7,0.294,582.5,0.735,586.3,North
Uttar Pradesh,2023,Television & Monitors,"2,212.30",820.6,0.371,662.7,0.808,322.3,North
Uttar Pradesh,2023,Refrigerators & AC,"2,209.30",725.1,0.328,581.3,0.802,430.1,North
Uttar Pradesh,2023,Washing Machines,"1,125.90",328.7,0.292,276.3,0.841,151,North
Uttar Pradesh,2023,Printers & Scanners,"1,139.50",416.7,0.366,325.5,0.781,248.4,North
Uttar Pradesh,2023,Batteries & Cells,"1,465.40",527.8,0.36,364.9,0.691,291.7,North
Uttar Pradesh,2023,Lighting Equipment,646.6,215.7,0.334,153.9,0.713,121.1,North
Gujarat,2018,Computers & Peripherals,"2,520.10",568.5,0.226,458,0.806,539.4,West
Gujarat,2018,Mobile Phones & Tablets,"1,993.20",403.5,0.202,244.6,0.606,415.4,West
Gujarat,2018,Television & Monitors,"1,674.30",414.2,0.247,271.4,0.655,211.5,West
Gujarat,2018,Refrigerators & AC,"1,659.70",410,0.247,277,0.676,266.9,West
Gujarat,2018,Washing Machines,803.9,200.5,0.249,135.6,0.676,136.1,West
Gujarat,2018,Printers & Scanners,695.6,170.8,0.246,108.3,0.634,115,West
Gujarat,2018,Batteries & Cells,"1,030.50",243.2,0.236,203.4,0.836,166.9,West
Gujarat,2018,Lighting Equipment,582,114.8,0.197,80.8,0.704,75.6,West
Gujarat,2019,Computers & Peripherals,"2,679.30",651.4,0.243,545.8,0.838,330.3,West
Gujarat,2019,Mobile Phones & Tablets,"2,366.10",581.5,0.246,487.1,0.838,486.3,West
Gujarat,2019,Television & Monitors,"1,655.40",436.9,0.264,321.6,0.736,360.5,West
Gujarat,2019,Refrigerators & AC,"1,651.40",400.2,0.242,259.1,0.647,218.3,West
Gujarat,2019,Washing Machines,"1,058.40",261,0.247,199.8,0.766,194.9,West
Gujarat,2019,Printers & Scanners,874.6,187.3,0.214,149.2,0.797,126.3,West
Gujarat,2019,Batteries & Cells,"1,000.20",254.9,0.255,157.3,0.617,196.6,West
Gujarat,2019,Lighting Equipment,567.6,129.8,0.229,106.1,0.817,86.8,West
Gujarat,2020,Computers & Peripherals,"2,414.70",568,0.235,341.2,0.601,497,West
Gujarat,2020,Mobile Phones & Tablets,"2,193.50",409.5,0.187,271.4,0.663,301.5,West
Gujarat,2020,Television & Monitors,"1,868.00",336.5,0.18,203.2,0.604,371.7,West
Gujarat,2020,Refrigerators & AC,"1,573.00",312.9,0.199,201.4,0.644,197,West
Gujarat,2020,Washing Machines,"1,014.80",214.8,0.212,168.9,0.786,170.1,West
Gujarat,2020,Printers & Scanners,895.3,188.8,0.211,118.4,0.627,152.5,West
Gujarat,2020,Batteries & Cells,"1,194.50",216.5,0.181,172.3,0.796,246.9,West
Gujarat,2020,Lighting Equipment,602.6,125,0.207,105.1,0.841,76,West
Gujarat,2021,Computers & Peripherals,"2,744.90",719.2,0.262,554.9,0.772,464,West
Gujarat,2021,Mobile Phones & Tablets,"2,754.60",648.6,0.235,402.3,0.62,498.1,West
Gujarat,2021,Television & Monitors,"1,684.90",424.2,0.252,321.7,0.758,294.6,West
Gujarat,2021,Refrigerators & AC,"1,681.90",521.5,0.31,382.1,0.733,278.1,West
Gujarat,2021,Washing Machines,"1,028.60",244.3,0.238,189.4,0.775,211.2,West
Gujarat,2021,Printers & Scanners,909.6,265.4,0.292,207.1,0.78,128.7,West
Gujarat,2021,Batteries & Cells,"1,115.50",276.7,0.248,189.5,0.685,184.4,West
Gujarat,2021,Lighting Equipment,614.4,145.7,0.237,103,0.707,114.6,West
Gujarat,2022,Computers & Peripherals,"2,769.50",744.3,0.269,618.3,0.831,350.9,West
Gujarat,2022,Mobile Phones & Tablets,"2,802.70",738.2,0.263,460.7,0.624,543.4,West
Gujarat,2022,Television & Monitors,"2,092.70",638.4,0.305,476.6,0.747,368.6,West
Gujarat,2022,Refrigerators & AC,"1,742.90",463.6,0.266,319.1,0.688,325.1,West
Gujarat,2022,Washing Machines,"1,100.80",366.7,0.333,286.1,0.78,238.7,West
Gujarat,2022,Printers & Scanners,930.5,266.7,0.287,198.6,0.745,131.5,West
Gujarat,2022,Batteries & Cells,"1,212.10",333.5,0.275,209.1,0.627,247.9,West
Gujarat,2022,Lighting Equipment,628.4,203.4,0.324,151.2,0.743,126.1,West
Gujarat,2023,Computers & Peripherals,"3,197.00","1,205.20",0.377,969.7,0.805,579.8,West
Gujarat,2023,Mobile Phones & Tablets,"2,775.90",785.9,0.283,654.1,0.832,563.4,West
Gujarat,2023,Television & Monitors,"1,900.60",567.1,0.298,439.9,0.776,286.8,West
Gujarat,2023,Refrigerators & AC,"1,806.60",507.8,0.281,415.1,0.817,319.1,West
Gujarat,2023,Washing Machines,"1,048.00",308.7,0.295,234.1,0.758,129,West
Gujarat,2023,Printers & Scanners,994.9,300.3,0.302,211.7,0.705,153.3,West
Gujarat,2023,Batteries & Cells,"1,170.10",411.8,0.352,327.1,0.794,206.8,West
Gujarat,2023,Lighting Equipment,604.2,172.6,0.286,110.4,0.64,109.8,West
West Bengal,2018,Computers & Peripherals,"2,291.90",469.7,0.205,359.5,0.765,386.3,East
West Bengal,2018,Mobile Phones & Tablets,"1,972.20",404.4,0.205,319,0.789,259.1,East
West Bengal,2018,Television & Monitors,"1,474.80",303.4,0.206,233.5,0.77,248.7,East
West Bengal,2018,Refrigerators & AC,"1,456.20",276.7,0.19,193.4,0.699,262,East
West Bengal,2018,Washing Machines,705.5,146,0.207,95.3,0.653,94.3,East
West Bengal,2018,Printers & Scanners,658.9,137.5,0.209,82.8,0.602,128.3,East
West Bengal,2018,Batteries & Cells,830,176,0.212,136.6,0.776,141.1,East
West Bengal,2018,Lighting Equipment,540,129.7,0.24,80.2,0.618,111.3,East
West Bengal,2019,Computers & Peripherals,"2,173.80",465,0.214,386.1,0.83,448.3,East
West Bengal,2019,Mobile Phones & Tablets,"2,260.40",577.5,0.256,448.9,0.777,365.7,East
West Bengal,2019,Television & Monitors,"1,511.20",323.5,0.214,220.4,0.681,302.4,East
West Bengal,2019,Refrigerators & AC,"1,598.10",439.3,0.275,364.6,0.83,205.9,East
West Bengal,2019,Washing Machines,961.4,221.8,0.231,165.7,0.747,165.7,East
West Bengal,2019,Printers & Scanners,757.6,178.6,0.236,122.3,0.685,116.1,East
West Bengal,2019,Batteries & Cells,919.4,230.6,0.251,144.9,0.628,157.2,East
West Bengal,2019,Lighting Equipment,609.1,145.4,0.239,113.7,0.782,123,East
West Bengal,2020,Computers & Peripherals,"2,579.30",498.8,0.193,317.5,0.637,360.4,East
West Bengal,2020,Mobile Phones & Tablets,"2,233.60",505.7,0.226,386.3,0.764,307.6,East
West Bengal,2020,Television & Monitors,"1,742.10",365.2,0.21,288,0.789,341.4,East
West Bengal,2020,Refrigerators & AC,"1,507.30",356.8,0.237,264.4,0.741,276.6,East
West Bengal,2020,Washing Machines,898.1,209.2,0.233,158.3,0.757,121.3,East
West Bengal,2020,Printers & Scanners,683.9,141.1,0.206,95.3,0.675,100.9,East
West Bengal,2020,Batteries & Cells,876.5,184.5,0.21,125,0.678,144.8,East
West Bengal,2020,Lighting Equipment,487,112.4,0.231,69.6,0.619,100.5,East
West Bengal,2021,Computers & Peripherals,"2,721.90",760.3,0.279,552.6,0.727,452.6,East
West Bengal,2021,Mobile Phones & Tablets,"2,309.70",678.2,0.294,558.8,0.824,381,East
West Bengal,2021,Television & Monitors,"1,837.10",518.6,0.282,352.8,0.68,307.8,East
West Bengal,2021,Refrigerators & AC,"1,462.30",342.9,0.235,214.6,0.626,307,East
West Bengal,2021,Washing Machines,877.7,252.2,0.287,183.1,0.726,120.5,East
West Bengal,2021,Printers & Scanners,749.7,198.6,0.265,141,0.71,129.2,East
West Bengal,2021,Batteries & Cells,942,244.6,0.26,164.1,0.671,151.5,East
West Bengal,2021,Lighting Equipment,547.9,152.3,0.278,121.4,0.797,101.2,East
West Bengal,2022,Computers & Peripherals,"2,325.50",612.8,0.264,471.6,0.77,345.1,East
West Bengal,2022,Mobile Phones & Tablets,"2,486.70",781,0.314,645.6,0.827,515.6,East
West Bengal,2022,Television & Monitors,"1,699.20",522.4,0.307,331.9,0.635,263.3,East
West Bengal,2022,Refrigerators & AC,"1,837.40",584,0.318,407.6,0.698,329.8,East
West Bengal,2022,Washing Machines,"1,043.20",295.1,0.283,204.8,0.694,207.8,East
West Bengal,2022,Printers & Scanners,888.1,280,0.315,226,0.807,172.2,East
West Bengal,2022,Batteries & Cells,"1,109.30",335.4,0.302,255.4,0.761,180.1,East
West Bengal,2022,Lighting Equipment,570.4,164.1,0.288,105.9,0.645,80.7,East
West Bengal,2023,Computers & Peripherals,"2,972.40",976.9,0.329,641.5,0.657,397.6,East
West Bengal,2023,Mobile Phones & Tablets,"2,192.40",798.2,0.364,499.1,0.625,432.1,East
West Bengal,2023,Television & Monitors,"1,977.20",727.6,0.368,443.4,0.609,303.8,East
West Bengal,2023,Refrigerators & AC,"1,817.20",533.3,0.293,370.2,0.694,247.5,East
West Bengal,2023,Washing Machines,"1,053.60",376,0.357,301.7,0.802,143.9,East
West Bengal,2023,Printers & Scanners,841.2,270.2,0.321,207.8,0.769,120.9,East
West Bengal,2023,Batteries & Cells,"1,083.30",334.4,0.309,263.2,0.787,178.6,East
West Bengal,2023,Lighting Equipment,615,191.3,0.311,153.5,0.802,102.6,East
Rajasthan,2018,Computers & Peripherals,"1,663.90",351.5,0.211,294.1,0.837,363.5,North
Rajasthan,2018,Mobile Phones & Tablets,"1,387.10",285.2,0.206,198.3,0.695,239.6,North
Rajasthan,2018,Television & Monitors,"1,167.50",281.3,0.241,225.1,0.8,156.3,North
Rajasthan,2018,Refrigerators & AC,921.2,211.2,0.229,172.9,0.819,161.6,North
Rajasthan,2018,Washing Machines,506.6,123,0.243,100,0.813,75.2,North
Rajasthan,2018,Printers & Scanners,520.9,106.8,0.205,88.3,0.827,70.2,North
Rajasthan,2018,Batteries & Cells,620.5,154.8,0.249,101.5,0.656,102.5,North
Rajasthan,2018,Lighting Equipment,337.4,63.7,0.189,39.1,0.614,57.4,North
Rajasthan,2019,Computers & Peripherals,"1,601.00",459.6,0.287,318.8,0.694,196.6,North
Rajasthan,2019,Mobile Phones & Tablets,"1,714.70",472.3,0.275,360.1,0.762,341.5,North
Rajasthan,2019,Television & Monitors,"1,064.10",249,0.234,201.1,0.808,201.8,North
Rajasthan,2019,Refrigerators & AC,993.5,263.7,0.265,187.8,0.712,119.7,North
Rajasthan,2019,Washing Machines,558.8,129.5,0.232,104.7,0.808,97.7,North
Rajasthan,2019,Printers & Scanners,573.6,144.6,0.252,90.8,0.628,85.4,North
Rajasthan,2019,Batteries & Cells,665.9,143.9,0.216,101.4,0.705,132.8,North
Rajasthan,2019,Lighting Equipment,384.5,84.9,0.221,70.2,0.827,69.1,North
Rajasthan,2020,Computers & Peripherals,"1,483.80",313,0.211,206.7,0.66,199.4,North
Rajasthan,2020,Mobile Phones & Tablets,"1,500.10",325.9,0.217,215.1,0.66,242.5,North
Rajasthan,2020,Television & Monitors,"1,189.60",218.8,0.184,184.6,0.844,150.8,North
Rajasthan,2020,Refrigerators & AC,"1,074.90",226.2,0.21,191.6,0.847,188.6,North
Rajasthan,2020,Washing Machines,594.4,123.7,0.208,93.9,0.759,129.6,North
Rajasthan,2020,Printers & Scanners,502.5,90.2,0.18,71.9,0.797,77.6,North
Rajasthan,2020,Batteries & Cells,725.1,158.1,0.218,125.4,0.793,140.3,North
Rajasthan,2020,Lighting Equipment,366.2,66.4,0.181,48.9,0.736,73.7,North
Rajasthan,2021,Computers & Peripherals,"1,618.70",473.6,0.293,339.2,0.716,306.8,North
Rajasthan,2021,Mobile Phones & Tablets,"1,646.50",486.1,0.295,299.3,0.616,325.4,North
Rajasthan,2021,Television & Monitors,"1,184.80",300.1,0.253,183.3,0.611,165.8,North
Rajasthan,2021,Refrigerators & AC,994.4,303.4,0.305,221.1,0.729,217.7,North
Rajasthan,2021,Washing Machines,645,161.3,0.25,127.2,0.789,89.7,North
Rajasthan,2021,Printers & Scanners,539.4,157.9,0.293,128.9,0.816,82.6,North
Rajasthan,2021,Batteries & Cells,653.5,169.5,0.259,139.4,0.822,127,North
Rajasthan,2021,Lighting Equipment,436.8,113.9,0.261,96.1,0.844,74.1,North
Rajasthan,2022,Computers & Peripherals,"1,816.10",614.2,0.338,448.3,0.73,363.4,North
Rajasthan,2022,Mobile Phones & Tablets,"1,742.00",456.6,0.262,342.7,0.751,352.3,North
Rajasthan,2022,Television & Monitors,"1,252.50",355.6,0.284,220.5,0.62,233.1,North
Rajasthan,2022,Refrigerators & AC,"1,102.70",341,0.309,240.9,0.706,208.4,North
Rajasthan,2022,Washing Machines,637.3,164.9,0.259,134.8,0.817,98.9,North
Rajasthan,2022,Printers & Scanners,647.3,181.1,0.28,153,0.845,139,North
Rajasthan,2022,Batteries & Cells,667.6,208.5,0.312,144,0.691,133.6,North
Rajasthan,2022,Lighting Equipment,430.8,146.8,0.341,93.3,0.636,77.9,North
Rajasthan,2023,Computers & Peripherals,"2,005.60",569.5,0.284,351.3,0.617,396.8,North
Rajasthan,2023,Mobile Phones & Tablets,"1,653.20",526.4,0.318,390.5,0.742,298.4,North
Rajasthan,2023,Television & Monitors,"1,336.10",500.3,0.374,346.7,0.693,262.3,North
Rajasthan,2023,Refrigerators & AC,"1,216.80",405.1,0.333,283.4,0.7,225.1,North
Rajasthan,2023,Washing Machines,642.1,187.3,0.292,146.8,0.784,109.1,North
Rajasthan,2023,Printers & Scanners,581.6,195.5,0.336,130.1,0.665,84.9,North
Rajasthan,2023,Batteries & Cells,758.7,287.7,0.379,193.2,0.672,160.6,North
Rajasthan,2023,Lighting Equipment,426.1,124.7,0.293,101.4,0.813,70.4,North
Andhra Pradesh,2018,Computers & Peripherals,"1,928.40",417.3,0.216,259.5,0.622,362.9,South
Andhra Pradesh,2018,Mobile Phones & Tablets,"1,732.70",360.6,0.208,247.7,0.687,219.2,South
Andhra Pradesh,2018,Television & Monitors,"1,212.10",298,0.246,242.2,0.813,231.7,South
Andhra Pradesh,2018,Refrigerators & AC,"1,234.90",282.9,0.229,225.9,0.799,211,South
Andhra Pradesh,2018,Washing Machines,581.8,116.5,0.2,73.9,0.634,115.8,South
Andhra Pradesh,2018,Printers & Scanners,496.3,111,0.224,76.8,0.692,99.4,South
Andhra Pradesh,2018,Batteries & Cells,728.9,165.7,0.227,103,0.622,110,South
Andhra Pradesh,2018,Lighting Equipment,448,105,0.234,76.8,0.731,88.2,South
Andhra Pradesh,2019,Computers & Peripherals,"2,105.20",459,0.218,387,0.843,387.8,South
Andhra Pradesh,2019,Mobile Phones & Tablets,"1,754.70",462.4,0.264,317.3,0.686,364.6,South
Andhra Pradesh,2019,Television & Monitors,"1,421.60",370.3,0.26,239,0.645,308,South
Andhra Pradesh,2019,Refrigerators & AC,"1,223.10",343.5,0.281,210.9,0.614,162,South
Andhra Pradesh,2019,Washing Machines,651.2,146.4,0.225,99.6,0.68,124.3,South
Andhra Pradesh,2019,Printers & Scanners,598.6,169.4,0.283,139.5,0.823,122.5,South
Andhra Pradesh,2019,Batteries & Cells,751.4,195.5,0.26,144.2,0.738,99.6,South
Andhra Pradesh,2019,Lighting Equipment,423,106.8,0.253,77.5,0.726,57.9,South
Andhra Pradesh,2020,Computers & Peripherals,"2,121.70",399.3,0.188,305.3,0.765,407.5,South
Andhra Pradesh,2020,Mobile Phones & Tablets,"1,788.00",414.1,0.232,306.8,0.741,362.1,South
Andhra Pradesh,2020,Television & Monitors,"1,159.90",210.4,0.181,160,0.76,206.1,South
Andhra Pradesh,2020,Refrigerators & AC,"1,265.10",286.9,0.227,202,0.704,232.7,South
Andhra Pradesh,2020,Washing Machines,697.3,152,0.218,102.2,0.672,150.4,South
Andhra Pradesh,2020,Printers & Scanners,607.9,139.3,0.229,107.4,0.771,91,South
Andhra Pradesh,2020,Batteries & Cells,704.4,128.4,0.182,91.2,0.71,118.6,South
Andhra Pradesh,2020,Lighting Equipment,405,87.8,0.217,59.5,0.678,77.7,South
Andhra Pradesh,2021,Computers & Peripherals,"2,119.20",634.1,0.299,535.1,0.844,282,South
Andhra Pradesh,2021,Mobile Phones & Tablets,"1,767.30",486,0.275,330.4,0.68,294.5,South
Andhra Pradesh,2021,Television & Monitors,"1,291.70",322.4,0.25,201.2,0.624,192.5,South
Andhra Pradesh,2021,Refrigerators & AC,"1,241.30",346.8,0.279,229.6,0.662,256.4,South
Andhra Pradesh,2021,Washing Machines,670,171.5,0.256,127.7,0.745,101.4,South
Andhra Pradesh,2021,Printers & Scanners,678.7,183.2,0.27,133.5,0.729,115.3,South
Andhra Pradesh,2021,Batteries & Cells,783.1,181.2,0.231,151.5,0.836,133.6,South
Andhra Pradesh,2021,Lighting Equipment,507.1,125.2,0.247,86.2,0.688,63.4,South
Andhra Pradesh,2022,Computers & Peripherals,"2,074.30",693.7,0.334,529.7,0.764,346.5,South
Andhra Pradesh,2022,Mobile Phones & Tablets,"1,904.60",630.9,0.331,446.5,0.708,396.6,South
Andhra Pradesh,2022,Television & Monitors,"1,493.30",483.5,0.324,334.3,0.691,239,South
Andhra Pradesh,2022,Refrigerators & AC,"1,343.90",366.2,0.273,270.4,0.738,171.1,South
Andhra Pradesh,2022,Washing Machines,756,244.8,0.324,164,0.67,165.5,South
Andhra Pradesh,2022,Printers & Scanners,689.4,183.2,0.266,154.6,0.844,109.9,South
Andhra Pradesh,2022,Batteries & Cells,909.7,259.7,0.286,216.8,0.835,177.8,South
Andhra Pradesh,2022,Lighting Equipment,437.9,131.7,0.301,95.5,0.725,54.5,South
Andhra Pradesh,2023,Computers & Peripherals,"1,960.20",614.5,0.313,441.5,0.718,324.8,South
Andhra Pradesh,2023,Mobile Phones & Tablets,"2,001.80",663.7,0.332,452.6,0.682,362.9,South
Andhra Pradesh,2023,Television & Monitors,"1,345.40",509.3,0.379,399.7,0.785,201.7,South
Andhra Pradesh,2023,Refrigerators & AC,"1,312.70",475.9,0.363,348.9,0.733,250.6,South
Andhra Pradesh,2023,Washing Machines,743.3,268.5,0.361,185.8,0.692,139.3,South
Andhra Pradesh,2023,Printers & Scanners,761.9,257.7,0.338,206,0.799,146.7,South
Andhra Pradesh,2023,Batteries & Cells,918,259.9,0.283,186.8,0.719,198.9,South
Andhra Pradesh,2023,Lighting Equipment,521.1,186.2,0.357,138.6,0.744,100.1,South
Telangana,2018,Computers & Peripherals,"2,019.70",400.4,0.198,303.2,0.757,367.5,South
Telangana,2018,Mobile Phones & Tablets,"1,947.40",383.2,0.197,295.1,0.77,239.8,South
Telangana,2018,Television & Monitors,"1,495.20",290.4,0.194,175.6,0.605,226.3,South
Telangana,2018,Refrigerators & AC,"1,154.60",268.5,0.233,188.6,0.702,228,South
Telangana,2018,Washing Machines,792.7,193.9,0.245,152,0.784,100.1,South
Telangana,2018,Printers & Scanners,575.3,115.5,0.201,78.7,0.681,107.1,South
Telangana,2018,Batteries & Cells,815,169.3,0.208,108.9,0.643,172.1,South
Telangana,2018,Lighting Equipment,433,91.1,0.21,72.2,0.793,83.2,South
Telangana,2019,Computers & Peripherals,"2,273.40",601.3,0.264,452.5,0.753,316.5,South
Telangana,2019,Mobile Phones & Tablets,"1,876.50",477.3,0.254,313.2,0.656,407.7,South
Telangana,2019,Television & Monitors,"1,425.70",333.9,0.234,217.6,0.652,271.6,South
Telangana,2019,Refrigerators & AC,"1,337.20",319.1,0.239,265.9,0.833,266.8,South
Telangana,2019,Washing Machines,755.7,167.5,0.222,128.8,0.769,119.4,South
Telangana,2019,Printers & Scanners,779.9,213.6,0.274,179.1,0.838,156.3,South
Telangana,2019,Batteries & Cells,853.9,199.9,0.234,155.6,0.778,132,South
Telangana,2019,Lighting Equipment,492.6,114.2,0.232,82.2,0.72,69.1,South
Telangana,2020,Computers & Peripherals,"2,178.20",516.8,0.237,400,0.774,291.3,South
Telangana,2020,Mobile Phones & Tablets,"2,016.50",434.5,0.215,287,0.661,377.1,South
Telangana,2020,Television & Monitors,"1,482.50",324.2,0.219,198.8,0.613,239.2,South
Telangana,2020,Refrigerators & AC,"1,445.00",267.1,0.185,211.7,0.793,174.1,South
Telangana,2020,Washing Machines,794.3,188.3,0.237,132.1,0.702,169.6,South
Telangana,2020,Printers & Scanners,749.1,156.2,0.209,101.5,0.65,162.1,South
Telangana,2020,Batteries & Cells,845,185.2,0.219,153.2,0.827,109,South
Telangana,2020,Lighting Equipment,499.2,105.9,0.212,82.7,0.781,106.7,South
Telangana,2021,Computers & Peripherals,"2,481.10",604.6,0.244,496.1,0.821,341.3,South
Telangana,2021,Mobile Phones & Tablets,"2,258.70",700.8,0.31,490,0.699,382.9,South
Telangana,2021,Television & Monitors,"1,700.30",522.7,0.307,434.6,0.831,353.1,South
Telangana,2021,Refrigerators & AC,"1,267.20",349.1,0.276,218.8,0.627,276.6,South
Telangana,2021,Washing Machines,778.4,241,0.31,177.3,0.736,131.9,South
Telangana,2021,Printers & Scanners,793.8,236.9,0.298,169.9,0.717,110.6,South
Telangana,2021,Batteries & Cells,837.6,203.3,0.243,145.3,0.715,122.1,South
Telangana,2021,Lighting Equipment,474.4,137.2,0.289,109.4,0.797,83.9,South
Telangana,2022,Computers & Peripherals,"2,480.70",671.8,0.271,546.9,0.814,520.2,South
Telangana,2022,Mobile Phones & Tablets,"2,290.70",690.4,0.301,429.2,0.622,428.2,South
Telangana,2022,Television & Monitors,"1,472.50",394.1,0.268,268.3,0.681,213.2,South
Telangana,2022,Refrigerators & AC,"1,401.40",387.1,0.276,305.2,0.788,301.9,South
Telangana,2022,Washing Machines,809.2,259,0.32,156.1,0.603,150,South
Telangana,2022,Printers & Scanners,777.8,202.7,0.261,127.6,0.63,117.2,South
Telangana,2022,Batteries & Cells,934.1,280.4,0.3,231,0.824,177.8,South
Telangana,2022,Lighting Equipment,506.9,134.6,0.266,111.6,0.829,75.8,South
Telangana,2023,Computers & Peripherals,"2,482.10",750.1,0.302,475.1,0.633,335.9,South
Telangana,2023,Mobile Phones & Tablets,"2,326.60",792.1,0.34,557.6,0.704,407,South
Telangana,2023,Television & Monitors,"1,635.50",545.8,0.334,418.1,0.766,232,South
Telangana,2023,Refrigerators & AC,"1,444.00",512.9,0.355,419.7,0.818,185.1,South
Telangana,2023,Washing Machines,867.2,303.7,0.35,188.1,0.619,153,South
Telangana,2023,Printers & Scanners,687.8,230.2,0.335,167.2,0.726,121.9,South
Telangana,2023,Batteries & Cells,905.2,283.3,0.313,206.8,0.73,119.1,South
Telangana,2023,Lighting Equipment,510.2,172.6,0.338,107.5,0.623,87.3,South
Madhya Pradesh,2018,Computers & Peripherals,"1,417.80",307.6,0.217,224,0.728,234.9,Central
Madhya Pradesh,2018,Mobile Phones & Tablets,"1,072.60",233.3,0.218,187,0.802,206.3,Central
Madhya Pradesh,2018,Television & Monitors,877.5,211.4,0.241,166.3,0.787,156,Central
Madhya Pradesh,2018,Refrigerators & AC,748.3,156.9,0.21,96.6,0.616,164.2,Central
Madhya Pradesh,2018,Washing Machines,530.1,101.5,0.192,84.6,0.833,65.3,Central
Madhya Pradesh,2018,Printers & Scanners,410.8,97.7,0.238,77.3,0.791,89.5,Central
Madhya Pradesh,2018,Batteries & Cells,558.9,120,0.215,101.8,0.848,88.4,Central
Madhya Pradesh,2018,Lighting Equipment,326.6,80.6,0.247,55.9,0.694,61.5,Central
Madhya Pradesh,2019,Computers & Peripherals,"1,522.10",385,0.253,293.9,0.763,235.6,Central
Madhya Pradesh,2019,Mobile Phones & Tablets,"1,229.20",310.7,0.253,227.5,0.732,237,Central
Madhya Pradesh,2019,Television & Monitors,932.5,198.4,0.213,120.2,0.606,139.7,Central
Madhya Pradesh,2019,Refrigerators & AC,971.2,246,0.253,180.3,0.733,196.5,Central
Madhya Pradesh,2019,Washing Machines,500.5,119.4,0.238,79.9,0.669,107,Central
Madhya Pradesh,2019,Printers & Scanners,491.4,108.6,0.221,87.1,0.802,79.6,Central
Madhya Pradesh,2019,Batteries & Cells,637.7,177.8,0.279,107.4,0.604,89.7,Central
Madhya Pradesh,2019,Lighting Equipment,301.1,64.7,0.215,48.5,0.75,57.3,Central
Madhya Pradesh,2020,Computers & Peripherals,"1,283.00",288.9,0.225,202.4,0.701,184,Central
Madhya Pradesh,2020,Mobile Phones & Tablets,"1,219.20",284,0.233,174.4,0.614,207.7,Central
Madhya Pradesh,2020,Television & Monitors,931.4,214.1,0.23,167.6,0.783,141.5,Central
Madhya Pradesh,2020,Refrigerators & AC,937.1,207,0.221,140.8,0.68,140.7,Central
Madhya Pradesh,2020,Washing Machines,478.4,105.3,0.22,69,0.655,71.8,Central
Madhya Pradesh,2020,Printers & Scanners,409.6,97.6,0.238,80,0.82,86.5,Central
Madhya Pradesh,2020,Batteries & Cells,606.4,124.6,0.205,90.2,0.724,131.7,Central
Madhya Pradesh,2020,Lighting Equipment,361.7,79.9,0.221,63.6,0.796,54.9,Central
Madhya Pradesh,2021,Computers & Peripherals,"1,474.60",356.2,0.242,247.2,0.694,288.2,Central
Madhya Pradesh,2021,Mobile Phones & Tablets,"1,359.30",405.5,0.298,273.8,0.675,259.3,Central
Madhya Pradesh,2021,Television & Monitors,"1,101.30",334.3,0.304,247.6,0.741,238.7,Central
Madhya Pradesh,2021,Refrigerators & AC,970.8,233.3,0.24,154.1,0.661,136.2,Central
Madhya Pradesh,2021,Washing Machines,566.5,172.3,0.304,139.9,0.812,73.2,Central
Madhya Pradesh,2021,Printers & Scanners,504.6,123.6,0.245,82.5,0.667,94.5,Central
Madhya Pradesh,2021,Batteries & Cells,630.8,189.4,0.3,122.5,0.647,123.7,Central
Madhya Pradesh,2021,Lighting Equipment,360.4,99,0.275,71.3,0.72,74.6,Central
Madhya Pradesh,2022,Computers & Peripherals,"1,495.20",510.1,0.341,308,0.604,319.5,Central
Madhya Pradesh,2022,Mobile Phones & Tablets,"1,573.00",417.7,0.266,355,0.85,264.1,Central
Madhya Pradesh,2022,Television & Monitors,996.4,308.3,0.309,200.7,0.651,210.8,Central
Madhya Pradesh,2022,Refrigerators & AC,"1,003.60",326,0.325,226.6,0.695,174,Central
Madhya Pradesh,2022,Washing Machines,547.3,152.4,0.279,111,0.728,92.9,Central
Madhya Pradesh,2022,Printers & Scanners,447.9,153.8,0.343,110.3,0.717,91.4,Central
Madhya Pradesh,2022,Batteries & Cells,700.6,202,0.288,142.1,0.703,123.5,Central
Madhya Pradesh,2022,Lighting Equipment,330.3,88.6,0.268,58.9,0.665,70.5,Central
Madhya Pradesh,2023,Computers & Peripherals,"1,641.00",528.1,0.322,337,0.638,251.1,Central
Madhya Pradesh,2023,Mobile Phones & Tablets,"1,421.80",516.1,0.363,374.1,0.725,263.7,Central
Madhya Pradesh,2023,Television & Monitors,"1,146.70",350.9,0.306,282.6,0.805,248.4,Central
Madhya Pradesh,2023,Refrigerators & AC,"1,059.70",348.7,0.329,223.9,0.642,211.4,Central
Madhya Pradesh,2023,Washing Machines,539.1,189.7,0.352,137,0.722,114.1,Central
Madhya Pradesh,2023,Printers & Scanners,517.6,178.1,0.344,109.5,0.615,63.9,Central
Madhya Pradesh,2023,Batteries & Cells,713.6,266.9,0.374,204.7,0.767,140.2,Central
Madhya Pradesh,2023,Lighting Equipment,358.3,130.4,0.364,85.8,0.658,68.3,Central
Kerala,2018,Computers & Peripherals,"1,455.60",320.8,0.22,222.4,0.693,264.6,South
Kerala,2018,Mobile Phones & Tablets,"1,560.00",355.2,0.228,256,0.721,263.3,South
Kerala,2018,Television & Monitors,991.8,221.6,0.223,133.6,0.603,171.5,South
Kerala,2018,Refrigerators & AC,993.2,249.8,0.252,151,0.604,199.9,South
Kerala,2018,Washing Machines,625.1,150.2,0.24,124.3,0.828,81.7,South
Kerala,2018,Printers & Scanners,474.1,93.3,0.197,60.5,0.648,81.9,South
Kerala,2018,Batteries & Cells,726.1,148.6,0.205,103.9,0.699,114.2,South
Kerala,2018,Lighting Equipment,366.5,82.2,0.224,69.7,0.848,52.3,South
Kerala,2019,Computers & Peripherals,"1,912.40",528,0.276,403.1,0.763,393.6,South
Kerala,2019,Mobile Phones & Tablets,"1,768.70",388.3,0.22,269.8,0.695,310,South
Kerala,2019,Television & Monitors,"1,115.70",237.9,0.213,152.9,0.643,189.7,South
Kerala,2019,Refrigerators & AC,"1,147.00",311.2,0.271,230.7,0.741,236,South
Kerala,2019,Washing Machines,601.3,151.6,0.252,92.6,0.611,84.9,South
Kerala,2019,Printers & Scanners,634.2,177,0.279,127.2,0.719,79.1,South
Kerala,2019,Batteries & Cells,672.7,189.6,0.282,156.4,0.825,118.6,South
Kerala,2019,Lighting Equipment,369.6,104.3,0.282,70.8,0.679,79.9,South
Kerala,2020,Computers & Peripherals,"1,836.10",414.8,0.226,322.8,0.778,293.5,South
Kerala,2020,Mobile Phones & Tablets,"1,469.00",277.3,0.189,183.1,0.66,298.9,South
Kerala,2020,Television & Monitors,"1,193.60",280.5,0.235,191.6,0.683,233.4,South
Kerala,2020,Refrigerators & AC,"1,045.60",251.8,0.241,196.7,0.781,177.8,South
Kerala,2020,Washing Machines,728.4,132.5,0.182,94,0.709,148.5,South
Kerala,2020,Printers & Scanners,550.4,124.9,0.227,104.8,0.839,87.9,South
Kerala,2020,Batteries & Cells,784.1,141.4,0.18,94.5,0.668,171.9,South
Kerala,2020,Lighting Equipment,407.8,81.9,0.201,68.4,0.835,66.5,South
Kerala,2021,Computers & Peripherals,"1,962.10",555.3,0.283,345.1,0.621,356.8,South
Kerala,2021,Mobile Phones & Tablets,"1,832.30",526.3,0.287,326.6,0.621,248.1,South
Kerala,2021,Television & Monitors,"1,347.70",378.5,0.281,297.1,0.785,204.4,South
Kerala,2021,Refrigerators & AC,"1,084.00",249.2,0.23,168.7,0.677,169.1,South
Kerala,2021,Washing Machines,646.2,155.2,0.24,100.4,0.647,106.5,South
Kerala,2021,Printers & Scanners,606.4,159.2,0.263,96.6,0.607,94.2,South
Kerala,2021,Batteries & Cells,694.3,193,0.278,131.5,0.681,110.1,South
Kerala,2021,Lighting Equipment,406.1,106,0.261,65.8,0.621,85.3,South
Kerala,2022,Computers & Peripherals,"2,136.30",732.8,0.343,544.5,0.743,292.6,South
Kerala,2022,Mobile Phones & Tablets,"1,719.30",459.9,0.267,310.6,0.675,291.1,South
Kerala,2022,Television & Monitors,"1,188.40",349.5,0.294,246.5,0.705,200.2,South
Kerala,2022,Refrigerators & AC,"1,113.20",309.1,0.278,204.5,0.662,203.2,South
Kerala,2022,Washing Machines,723.9,197.3,0.273,123.7,0.627,108.9,South
Kerala,2022,Printers & Scanners,686.2,195.5,0.285,147.6,0.755,137.5,South
Kerala,2022,Batteries & Cells,763.9,217.8,0.285,175.1,0.804,157.3,South
Kerala,2022,Lighting Equipment,492.9,131.7,0.267,89.6,0.68,105.8,South
Kerala,2023,Computers & Peripherals,"1,868.50",582.2,0.312,489.7,0.841,405.2,South
Kerala,2023,Mobile Phones & Tablets,"1,738.40",607.2,0.349,438.9,0.723,308.7,South
Kerala,2023,Television & Monitors,"1,287.70",409.1,0.318,329,0.804,205.1,South
Kerala,2023,Refrigerators & AC,"1,162.30",390.9,0.336,292.4,0.748,202.9,South
Kerala,2023,Washing Machines,763.9,255.9,0.335,214.5,0.838,126.9,South
Kerala,2023,Printers & Scanners,672.5,217.8,0.324,146.5,0.673,127.3,South
Kerala,2023,Batteries & Cells,886.5,318.5,0.359,223.7,0.702,150.6,South
Kerala,2023,Lighting Equipment,472.1,143.7,0.304,109.9,0.765,90.4,South
Punjab,2018,Computers & Peripherals,"1,529.20",293.4,0.192,248.7,0.848,256.8,North
Punjab,2018,Mobile Phones & Tablets,"1,269.10",279.8,0.22,232.3,0.83,240.1,North
Punjab,2018,Television & Monitors,985.2,235.6,0.239,162.5,0.69,206.4,North
Punjab,2018,Refrigerators & AC,918.1,210.4,0.229,130.7,0.621,180.8,North
Punjab,2018,Washing Machines,539.7,113.6,0.21,86.5,0.761,67.2,North
Punjab,2018,Printers & Scanners,507.8,117.7,0.232,82.4,0.7,99.2,North
Punjab,2018,Batteries & Cells,650.4,140.1,0.215,84.4,0.602,94.9,North
Punjab,2018,Lighting Equipment,325.8,72.1,0.221,53.7,0.745,57.8,North
Punjab,2019,Computers & Peripherals,"1,566.60",378.9,0.242,300.5,0.793,280.2,North
Punjab,2019,Mobile Phones & Tablets,"1,443.20",344,0.238,208.5,0.606,188.3,North
Punjab,2019,Television & Monitors,"1,060.40",301.8,0.285,189.8,0.629,227,North
Punjab,2019,Refrigerators & AC,923.2,217.8,0.236,155.5,0.714,129.9,North
Punjab,2019,Washing Machines,574.8,142.7,0.248,101.3,0.71,109,North
Punjab,2019,Printers & Scanners,483.1,113.5,0.235,91.1,0.803,63.5,North
Punjab,2019,Batteries & Cells,703.8,183.8,0.261,141.4,0.769,96,North
Punjab,2019,Lighting Equipment,402.6,92.9,0.231,59.8,0.644,54.8,North
Punjab,2020,Computers & Peripherals,"1,581.10",377.7,0.239,248.5,0.658,253.8,North
Punjab,2020,Mobile Phones & Tablets,"1,309.70",286.6,0.219,202.9,0.708,161,North
Punjab,2020,Television & Monitors,"1,091.90",208.5,0.191,156,0.748,173.5,North
Punjab,2020,Refrigerators & AC,"1,040.60",199.2,0.191,157,0.788,209,North
Punjab,2020,Washing Machines,507.3,93.8,0.185,76.7,0.818,70.4,North
Punjab,2020,Printers & Scanners,475.2,98.5,0.207,65.6,0.666,98,North
Punjab,2020,Batteries & Cells,641.9,140.4,0.219,105.2,0.749,116.3,North
Punjab,2020,Lighting Equipment,361.6,72.5,0.2,58.8,0.811,65.7,North
Punjab,2021,Computers & Peripherals,"1,752.90",502.5,0.287,338.9,0.674,318.1,North
Punjab,2021,Mobile Phones & Tablets,"1,334.30",320.7,0.24,201.9,0.63,200.9,North
Punjab,2021,Television & Monitors,"1,026.90",293.4,0.286,213.5,0.728,166.2,North
Punjab,2021,Refrigerators & AC,947.2,246.8,0.261,159.5,0.646,173.9,North
Punjab,2021,Washing Machines,620.3,174.8,0.282,148.6,0.85,108.9,North
Punjab,2021,Printers & Scanners,517.4,124.6,0.241,84.6,0.679,85.4,North
Punjab,2021,Batteries & Cells,595.5,154,0.259,92.8,0.603,79.6,North
Punjab,2021,Lighting Equipment,398.5,122.6,0.308,89.1,0.727,67.5,North
Punjab,2022,Computers & Peripherals,"1,762.20",515.3,0.292,417.4,0.81,297.6,North
Punjab,2022,Mobile Phones & Tablets,"1,380.40",355.8,0.258,281.2,0.79,206,North
Punjab,2022,Television & Monitors,"1,088.30",330.2,0.303,212,0.642,180.4,North
Punjab,2022,Refrigerators & AC,"1,136.30",368.1,0.324,271.4,0.737,149.2,North
Punjab,2022,Washing Machines,556.8,180.8,0.325,145.7,0.806,87.2,North
Punjab,2022,Printers & Scanners,578.5,149.7,0.259,116.7,0.78,101,North
Punjab,2022,Batteries & Cells,771.4,203.8,0.264,164.6,0.808,150.5,North
Punjab,2022,Lighting Equipment,364.9,125.9,0.345,89.7,0.712,56.5,North
Punjab,2023,Computers & Peripherals,"1,877.20",608.2,0.324,516.1,0.849,370.9,North
Punjab,2023,Mobile Phones & Tablets,"1,485.90",536.1,0.361,400.5,0.747,230.4,North
Punjab,2023,Television & Monitors,"1,249.70",428.8,0.343,275.1,0.642,167.4,North
Punjab,2023,Refrigerators & AC,"1,032.00",310.6,0.301,191,0.615,160,North
Punjab,2023,Washing Machines,601.1,200.7,0.334,136.7,0.681,114.5,North
Punjab,2023,Printers & Scanners,527,161.8,0.307,131.8,0.815,115.2,North
Punjab,2023,Batteries & Cells,744.4,215.8,0.29,181.4,0.841,147.8,North
Punjab,2023,Lighting Equipment,436.4,165.3,0.379,135,0.817,57.9,North
Haryana,2018,Computers & Peripherals,"1,675.30",340.9,0.203,265.2,0.778,339.8,North
Haryana,2018,Mobile Phones & Tablets,"1,487.90",344.6,0.232,248.9,0.722,264.5,North
Haryana,2018,Television & Monitors,991.7,212.6,0.214,151.6,0.713,181.8,North
Haryana,2018,Refrigerators & AC,"1,069.40",206.5,0.193,150.5,0.729,158.1,North
Haryana,2018,Washing Machines,618.6,130.7,0.211,109.5,0.838,94.5,North
Haryana,2018,Printers & Scanners,431.5,102.7,0.238,80.4,0.783,83.3,North
Haryana,2018,Batteries & Cells,623.7,144,0.231,99.3,0.69,78.8,North
Haryana,2018,Lighting Equipment,352.9,71.1,0.201,50.3,0.707,49.8,North
Haryana,2019,Computers & Peripherals,"1,614.40",443.4,0.275,303.5,0.684,287,North
Haryana,2019,Mobile Phones & Tablets,"1,578.70",392.9,0.249,269.5,0.686,297.2,North
Haryana,2019,Television & Monitors,"1,039.20",228.6,0.22,182,0.796,172.5,North
Haryana,2019,Refrigerators & AC,989.7,274,0.277,194.6,0.71,118.8,North
Haryana,2019,Washing Machines,689.9,157.1,0.228,121.3,0.772,91.9,North
Haryana,2019,Printers & Scanners,563.5,126.5,0.224,105.4,0.833,83.1,North
Haryana,2019,Batteries & Cells,725.2,167.7,0.231,116.2,0.693,152.6,North
Haryana,2019,Lighting Equipment,357.3,86.5,0.242,58.5,0.676,67.9,North
Haryana,2020,Computers & Peripherals,"1,571.50",345.4,0.22,268,0.776,188.8,North
Haryana,2020,Mobile Phones & Tablets,"1,517.50",283.6,0.187,186.2,0.657,285.3,North
Haryana,2020,Television & Monitors,"1,009.70",224.5,0.222,180.6,0.804,220.9,North
Haryana,2020,Refrigerators & AC,"1,048.30",195.9,0.187,121,0.618,166,North
Haryana,2020,Washing Machines,644.2,119.1,0.185,80.8,0.678,134.1,North
Haryana,2020,Printers & Scanners,487.6,110.8,0.227,87.3,0.788,65,North
Haryana,2020,Batteries & Cells,767.9,144,0.187,105.5,0.733,92.8,North
Haryana,2020,Lighting Equipment,395.2,81.5,0.206,63.6,0.78,72.2,North
Haryana,2021,Computers & Peripherals,"1,608.70",422.8,0.263,326.3,0.772,331.4,North
Haryana,2021,Mobile Phones & Tablets,"1,437.70",341.7,0.238,269.3,0.788,257.3,North
Haryana,2021,Television & Monitors,"1,163.70",357.9,0.308,242.9,0.679,155.9,North
Haryana,2021,Refrigerators & AC,"1,057.40",249.9,0.236,184.5,0.738,190.3,North
Haryana,2021,Washing Machines,654.9,191.6,0.293,148,0.772,134.1,North
Haryana,2021,Printers & Scanners,579.8,147.2,0.254,107.4,0.73,99.1,North
Haryana,2021,Batteries & Cells,760.9,192.8,0.253,118.3,0.614,159.6,North
Haryana,2021,Lighting Equipment,442.5,119.3,0.27,74.9,0.628,75.2,North
Haryana,2022,Computers & Peripherals,"1,858.20",562.2,0.303,474.7,0.844,406.4,North
Haryana,2022,Mobile Phones & Tablets,"1,824.00",486.8,0.267,396.8,0.815,322.6,North
Haryana,2022,Television & Monitors,"1,199.00",379.4,0.316,300,0.791,258.3,North
Haryana,2022,Refrigerators & AC,"1,231.40",315.9,0.257,194.9,0.617,180.1,North
Haryana,2022,Washing Machines,587.8,153.1,0.26,122.1,0.798,100.3,North
Haryana,2022,Printers & Scanners,596,178.9,0.3,125.9,0.704,113.3,North
Haryana,2022,Batteries & Cells,668.9,202.9,0.303,153,0.754,98.8,North
Haryana,2022,Lighting Equipment,394.2,118.7,0.301,77.2,0.65,79.2,North
Haryana,2023,Computers & Peripherals,"1,895.20",604.9,0.319,458.9,0.759,385.6,North
Haryana,2023,Mobile Phones & Tablets,"1,782.20",511.6,0.287,396.3,0.775,344,North
Haryana,2023,Television & Monitors,"1,387.50",397.1,0.286,246.8,0.622,226.8,North
Haryana,2023,Refrigerators & AC,"1,182.20",402.9,0.341,272.9,0.677,229.5,North
Haryana,2023,Washing Machines,722.7,211.3,0.292,164.2,0.777,137.4,North
Haryana,2023,Printers & Scanners,549.6,206,0.375,150.5,0.731,109,North
Haryana,2023,Batteries & Cells,809.3,240.4,0.297,151.9,0.632,160.3,North
Haryana,2023,Lighting Equipment,403.3,148.5,0.368,117.7,0.793,49.6,North
Bihar,2018,Computers & Peripherals,944.9,193.7,0.205,119.3,0.616,180.7,East
Bihar,2018,Mobile Phones & Tablets,814.7,156.5,0.192,111.7,0.714,127.1,East
Bihar,2018,Television & Monitors,599.9,134.6,0.224,93.1,0.692,87.3,East
Bihar,2018,Refrigerators & AC,506.6,113.9,0.225,88.9,0.781,72.4,East
Bihar,2018,Washing Machines,320.7,60.9,0.19,49.7,0.816,46.3,East
Bihar,2018,Printers & Scanners,278.1,59,0.212,37.6,0.637,59.3,East
Bihar,2018,Batteries & Cells,390.9,87.4,0.223,72.4,0.828,75.9,East
Bihar,2018,Lighting Equipment,196.1,40.8,0.208,28.7,0.703,37.7,East
Bihar,2019,Computers & Peripherals,923.2,201.6,0.218,139.7,0.693,157.1,East
Bihar,2019,Mobile Phones & Tablets,973.7,220,0.226,176.2,0.801,212.4,East
Bihar,2019,Television & Monitors,738.6,160.8,0.218,115.2,0.716,109.5,East
Bihar,2019,Refrigerators & AC,673,159.5,0.237,117.8,0.739,81.3,East
Bihar,2019,Washing Machines,329.7,84,0.255,56.8,0.676,60.1,East
Bihar,2019,Printers & Scanners,308.1,79.1,0.257,57.2,0.723,60.8,East
Bihar,2019,Batteries & Cells,370.4,103.7,0.28,81.9,0.79,53.5,East
Bihar,2019,Lighting Equipment,195.7,47.6,0.243,31.3,0.658,30.3,East
Bihar,2020,Computers & Peripherals,"1,037.40",242.5,0.234,203.2,0.838,124.6,East
Bihar,2020,Mobile Phones & Tablets,904.9,209.9,0.232,164.1,0.782,118,East
Bihar,2020,Television & Monitors,658.7,127.5,0.194,92.2,0.723,83,East
Bihar,2020,Refrigerators & AC,683.2,152.6,0.223,95.1,0.623,144.9,East
Bihar,2020,Washing Machines,382.1,80.7,0.211,62.6,0.776,60.1,East
Bihar,2020,Printers & Scanners,340,62.5,0.184,39,0.624,45.3,East
Bihar,2020,Batteries & Cells,422.5,77.4,0.183,57.4,0.742,69.1,East
Bihar,2020,Lighting Equipment,242.3,46.9,0.193,31.2,0.665,36.7,East
Bihar,2021,Computers & Peripherals,"1,075.60",307.9,0.286,241.3,0.784,163.3,East
Bihar,2021,Mobile Phones & Tablets,862.1,203.1,0.236,132.2,0.651,170.7,East
Bihar,2021,Television & Monitors,697.9,169,0.242,108.3,0.641,116.3,East
Bihar,2021,Refrigerators & AC,624.1,170.3,0.273,143.2,0.841,87.9,East
Bihar,2021,Washing Machines,348,87.3,0.251,55,0.63,47.2,East
Bihar,2021,Printers & Scanners,333.5,98.9,0.296,76.6,0.775,41.4,East
Bihar,2021,Batteries & Cells,443.5,113.6,0.256,70.8,0.623,64.2,East
Bihar,2021,Lighting Equipment,220.1,59.7,0.271,45.9,0.769,32.1,East
Bihar,2022,Computers & Peripherals,"1,160.70",299.2,0.258,209.8,0.701,191.8,East
Bihar,2022,Mobile Phones & Tablets,"1,000.20",277.5,0.277,198.6,0.716,200.4,East
Bihar,2022,Television & Monitors,646.8,165.6,0.256,133.7,0.807,141.2,East
Bihar,2022,Refrigerators & AC,602.2,198.2,0.329,137.4,0.693,110.2,East
Bihar,2022,Washing Machines,390.7,120.1,0.307,79.8,0.664,78.6,East
Bihar,2022,Printers & Scanners,292.5,76.3,0.261,63,0.826,48.1,East
Bihar,2022,Batteries & Cells,387,130.2,0.336,105.1,0.807,59.3,East
Bihar,2022,Lighting Equipment,210.1,62.3,0.296,40,0.642,37.3,East
Bihar,2023,Computers & Peripherals,"1,156.50",369.6,0.32,224.5,0.607,217.8,East
Bihar,2023,Mobile Phones & Tablets,899.4,271.4,0.302,175.5,0.647,133.1,East
Bihar,2023,Television & Monitors,799.4,227,0.284,171.3,0.755,115.6,East
Bihar,2023,Refrigerators & AC,649.6,208.7,0.321,154,0.738,81.9,East
Bihar,2023,Washing Machines,369.8,108.8,0.294,70.7,0.65,77.1,East
Bihar,2023,Printers & Scanners,343.7,117.9,0.343,94.4,0.801,68.6,East
Bihar,2023,Batteries & Cells,490.8,175.7,0.358,121.2,0.69,85.6,East
Bihar,2023,Lighting Equipment,243.1,90.2,0.371,65.4,0.725,38.6,East
Odisha,2018,Computers & Peripherals,913.9,190.1,0.208,124.5,0.655,191.5,East
Odisha,2018,Mobile Phones & Tablets,960.2,183.3,0.191,155.4,0.848,166.1,East
Odisha,2018,Television & Monitors,718.2,181.7,0.253,153.3,0.844,93.4,East
Odisha,2018,Refrigerators & AC,653.7,133.7,0.205,107.5,0.804,138.4,East
Odisha,2018,Washing Machines,321.6,81.3,0.253,53.2,0.654,65.8,East
Odisha,2018,Printers & Scanners,337.5,71,0.21,57.5,0.81,69,East
Odisha,2018,Batteries & Cells,373.5,84.5,0.226,67.7,0.801,70.9,East
Odisha,2018,Lighting Equipment,247.4,46.7,0.189,36.2,0.775,53.1,East
Odisha,2019,Computers & Peripherals,"1,115.70",284.2,0.255,183.9,0.647,244.1,East
Odisha,2019,Mobile Phones & Tablets,"1,090.50",272,0.249,184.2,0.677,184.3,East
Odisha,2019,Television & Monitors,675.6,155.4,0.23,101.7,0.654,116.6,East
Odisha,2019,Refrigerators & AC,615.5,173.2,0.281,112.6,0.65,81.9,East
Odisha,2019,Washing Machines,420.4,118.3,0.281,95.9,0.811,64.1,East
Odisha,2019,Printers & Scanners,309.5,79.4,0.256,65.8,0.829,61.1,East
Odisha,2019,Batteries & Cells,486.9,134.9,0.277,113.3,0.84,76.6,East
Odisha,2019,Lighting Equipment,276.2,66.9,0.242,41.8,0.625,41.5,East
Odisha,2020,Computers & Peripherals,984.9,185.6,0.188,155.4,0.837,196.2,East
Odisha,2020,Mobile Phones & Tablets,"1,089.50",239,0.219,153.8,0.644,236.3,East
Odisha,2020,Television & Monitors,769.9,182.5,0.237,145.4,0.797,109.6,East
Odisha,2020,Refrigerators & AC,701.4,132.9,0.19,89.9,0.676,132.5,East
Odisha,2020,Washing Machines,357.3,80.2,0.224,67.1,0.837,76.8,East
Odisha,2020,Printers & Scanners,334.4,80.6,0.241,67.8,0.841,41.2,East
Odisha,2020,Batteries & Cells,452.3,107,0.237,90.1,0.842,64.3,East
Odisha,2020,Lighting Equipment,249.1,59.2,0.238,37.6,0.635,48.5,East
Odisha,2021,Computers & Peripherals,"1,057.60",326.9,0.309,209.9,0.642,220.5,East
Odisha,2021,Mobile Phones & Tablets,924.7,265.3,0.287,201.6,0.76,193,East
Odisha,2021,Television & Monitors,759.6,190.6,0.251,126.3,0.663,96.3,East
Odisha,2021,Refrigerators & AC,676.3,161.1,0.238,96.7,0.6,107.3,East
Odisha,2021,Washing Machines,433.3,133.5,0.308,109.6,0.821,73.4,East
Odisha,2021,Printers & Scanners,348.6,95.4,0.274,59.7,0.626,58.5,East
Odisha,2021,Batteries & Cells,502,141.7,0.282,109.4,0.772,68.4,East
Odisha,2021,Lighting Equipment,230.3,68.6,0.298,46.2,0.673,35,East
Odisha,2022,Computers & Peripherals,"1,294.80",338.8,0.262,217.7,0.643,204,East
Odisha,2022,Mobile Phones & Tablets,"1,121.10",341.1,0.304,281.2,0.824,145,East
Odisha,2022,Television & Monitors,814.5,252.7,0.31,182.1,0.721,100.3,East
Odisha,2022,Refrigerators & AC,822.3,221.9,0.27,182.5,0.822,111.6,East
Odisha,2022,Washing Machines,384.1,105.1,0.273,68.1,0.648,72.9,East
Odisha,2022,Printers & Scanners,391.5,125.6,0.321,83.7,0.666,58,East
Odisha,2022,Batteries & Cells,447.8,116.2,0.259,86.3,0.743,91.3,East
Odisha,2022,Lighting Equipment,243.4,70,0.287,49.5,0.707,36.4,East
Odisha,2023,Computers & Peripherals,"1,254.80",426.5,0.34,277.2,0.65,153.8,East
Odisha,2023,Mobile Phones & Tablets,"1,011.30",312.9,0.309,194.1,0.62,206.7,East
Odisha,2023,Television & Monitors,785.6,251.3,0.32,181.5,0.722,146.2,East
Odisha,2023,Refrigerators & AC,693.2,231.8,0.334,149.8,0.646,144.6,East
Odisha,2023,Washing Machines,425.4,138.1,0.325,92,0.666,70.8,East
Odisha,2023,Printers & Scanners,359.1,110.3,0.307,67.9,0.616,70.1,East
Odisha,2023,Batteries & Cells,514,148.5,0.289,101.9,0.686,89.5,East
Odisha,2023,Lighting Equipment,305.5,103.5,0.339,76.4,0.738,62.3,East
Jharkhand,2018,Computers & Peripherals,828.8,177.9,0.215,130.6,0.734,171.3,East
Jharkhand,2018,Mobile Phones & Tablets,695.8,170.6,0.245,122.7,0.719,89,East
Jharkhand,2018,Television & Monitors,575.7,134.8,0.234,97.8,0.726,120.9,East
Jharkhand,2018,Refrigerators & AC,525.3,121.7,0.232,91.9,0.755,69.4,East
Jharkhand,2018,Washing Machines,297.3,59,0.198,49.9,0.846,64.6,East
Jharkhand,2018,Printers & Scanners,263.1,51.4,0.195,36.3,0.706,57.6,East
Jharkhand,2018,Batteries & Cells,310.1,78.4,0.253,59.3,0.756,63.1,East
Jharkhand,2018,Lighting Equipment,164.8,40.7,0.247,33.7,0.828,20.9,East
Jharkhand,2019,Computers & Peripherals,831.7,201.5,0.242,137.3,0.681,122.8,East
Jharkhand,2019,Mobile Phones & Tablets,769.2,213.8,0.278,170.3,0.797,140.2,East
Jharkhand,2019,Television & Monitors,585.9,142.9,0.244,100.5,0.703,79,East
Jharkhand,2019,Refrigerators & AC,555.4,149.6,0.269,124.9,0.835,118,East
Jharkhand,2019,Washing Machines,315.5,69.4,0.22,46.6,0.671,54.8,East
Jharkhand,2019,Printers & Scanners,261.8,63.7,0.243,44.3,0.695,44.1,East
Jharkhand,2019,Batteries & Cells,358.8,77.3,0.215,51.7,0.669,48.2,East
Jharkhand,2019,Lighting Equipment,199.3,52.7,0.265,32.1,0.609,41.6,East
Jharkhand,2020,Computers & Peripherals,805.4,155.8,0.193,122.5,0.786,170.8,East
Jharkhand,2020,Mobile Phones & Tablets,835.7,150.2,0.18,120.8,0.804,125.6,East
Jharkhand,2020,Television & Monitors,542.1,113.6,0.209,87.9,0.774,70.4,East
Jharkhand,2020,Refrigerators & AC,581.4,108.7,0.187,91.7,0.844,95.5,East
Jharkhand,2020,Washing Machines,329.1,64.3,0.195,45.3,0.705,60.7,East
Jharkhand,2020,Printers & Scanners,247,47.4,0.192,38.2,0.806,47.9,East
Jharkhand,2020,Batteries & Cells,364.7,85,0.233,68.4,0.805,62.6,East
Jharkhand,2020,Lighting Equipment,175.1,34.7,0.198,25.2,0.726,23.4,East
Jharkhand,2021,Computers & Peripherals,951.8,286.2,0.301,173.8,0.607,132.6,East
Jharkhand,2021,Mobile Phones & Tablets,861.8,256.2,0.297,169.7,0.662,142.8,East
Jharkhand,2021,Television & Monitors,658.5,188.7,0.287,126.1,0.668,133.2,East
Jharkhand,2021,Refrigerators & AC,559.3,157.1,0.281,99.1,0.631,68.8,East
Jharkhand,2021,Washing Machines,309.4,85.9,0.278,55.4,0.645,64.1,East
Jharkhand,2021,Printers & Scanners,285.1,73.5,0.258,47.1,0.641,59.7,East
Jharkhand,2021,Batteries & Cells,380.6,108.6,0.285,72.9,0.671,60.4,East
Jharkhand,2021,Lighting Equipment,183.4,50.6,0.276,42.6,0.842,37.7,East
Jharkhand,2022,Computers & Peripherals,940.7,297.3,0.316,198.4,0.667,151.4,East
Jharkhand,2022,Mobile Phones & Tablets,730.9,237.7,0.325,188.2,0.792,88.4,East
Jharkhand,2022,Television & Monitors,680.7,213.2,0.313,160,0.75,82.3,East
Jharkhand,2022,Refrigerators & AC,543.8,178.1,0.327,120.5,0.677,117.8,East
Jharkhand,2022,Washing Machines,341.7,100.2,0.293,69.6,0.695,52.9,East
Jharkhand,2022,Printers & Scanners,271.9,80.8,0.297,62.2,0.77,55,East
Jharkhand,2022,Batteries & Cells,362.5,95.8,0.264,69.7,0.728,67.5,East
Jharkhand,2022,Lighting Equipment,223.5,64.5,0.289,49.1,0.761,40.4,East
Jharkhand,2023,Computers & Peripherals,894,260.3,0.291,160.3,0.616,195.6,East
Jharkhand,2023,Mobile Phones & Tablets,882.8,322.9,0.366,214.8,0.665,168.7,East
Jharkhand,2023,Television & Monitors,700.8,217.3,0.31,138.5,0.637,137.7,East
Jharkhand,2023,Refrigerators & AC,655.1,236,0.36,188.9,0.8,117.9,East
Jharkhand,2023,Washing Machines,354.8,123.4,0.348,96.3,0.78,65.8,East
Jharkhand,2023,Printers & Scanners,334.6,102.4,0.306,72.2,0.705,53.1,East
Jharkhand,2023,Batteries & Cells,341.4,119.7,0.351,88.9,0.743,47.5,East
Jharkhand,2023,Lighting Equipment,225.1,68.1,0.303,50,0.734,44.7,East
Assam,2018,Computers & Peripherals,724.4,167.6,0.231,121.8,0.727,148.2,Northeast
Assam,2018,Mobile Phones & Tablets,649.1,158.9,0.245,102.5,0.645,84.2,Northeast
Assam,2018,Television & Monitors,409.8,83.6,0.204,67.1,0.803,80.4,Northeast
Assam,2018,Refrigerators & AC,388.1,90,0.232,61.6,0.684,50,Northeast
Assam,2018,Washing Machines,231.7,54.7,0.236,37,0.676,46.1,Northeast
Assam,2018,Printers & Scanners,201.5,41.1,0.204,27.7,0.674,41.3,Northeast
Assam,2018,Batteries & Cells,268.1,65.5,0.244,48.9,0.747,57.5,Northeast
Assam,2018,Lighting Equipment,134.6,33.1,0.246,24,0.725,27.8,Northeast
Assam,2019,Computers & Peripherals,711.8,167.2,0.235,102.6,0.614,146.2,Northeast
Assam,2019,Mobile Phones & Tablets,608,138.3,0.228,97.1,0.702,107.6,Northeast
Assam,2019,Television & Monitors,548.2,135.3,0.247,91.9,0.679,105,Northeast
Assam,2019,Refrigerators & AC,497.4,123.9,0.249,93.9,0.758,68.5,Northeast
Assam,2019,Washing Machines,275,58.5,0.213,39.1,0.668,53.9,Northeast
Assam,2019,Printers & Scanners,214.6,57.9,0.27,41.8,0.722,42.1,Northeast
Assam,2019,Batteries & Cells,270.1,69.8,0.259,52.9,0.758,43.3,Northeast
Assam,2019,Lighting Equipment,185.1,44.7,0.241,27.2,0.609,25.9,Northeast
Assam,2020,Computers & Peripherals,697.5,125.1,0.179,85.1,0.68,141.8,Northeast
Assam,2020,Mobile Phones & Tablets,605.4,133.9,0.221,101.3,0.757,87.7,Northeast
Assam,2020,Television & Monitors,513.3,102.8,0.2,65,0.632,81.3,Northeast
Assam,2020,Refrigerators & AC,467.5,88.4,0.189,71.2,0.805,70,Northeast
Assam,2020,Washing Machines,248.5,55.8,0.224,41.8,0.749,38.2,Northeast
Assam,2020,Printers & Scanners,250.2,60.4,0.241,41.4,0.685,52.6,Northeast
Assam,2020,Batteries & Cells,284.4,54.1,0.19,45.3,0.837,60.2,Northeast
Assam,2020,Lighting Equipment,159.7,30.8,0.193,24.1,0.782,21.3,Northeast
Assam,2021,Computers & Peripherals,794.7,220.3,0.277,141.5,0.642,124.5,Northeast
Assam,2021,Mobile Phones & Tablets,708.7,164.8,0.233,135,0.819,103.2,Northeast
Assam,2021,Television & Monitors,517.3,120.8,0.233,102.5,0.849,96.3,Northeast
Assam,2021,Refrigerators & AC,496.4,114.7,0.231,88.6,0.772,80.3,Northeast
Assam,2021,Washing Machines,265.7,72.8,0.274,52.3,0.718,36,Northeast
Assam,2021,Printers & Scanners,250.6,70.3,0.281,47.5,0.676,46.7,Northeast
Assam,2021,Batteries & Cells,319.8,80.4,0.251,60.4,0.751,42.8,Northeast
Assam,2021,Lighting Equipment,184.6,43.9,0.238,34.2,0.779,24.3,Northeast
Assam,2022,Computers & Peripherals,706.7,187,0.265,121.5,0.65,98.9,Northeast
Assam,2022,Mobile Phones & Tablets,667.7,201.7,0.302,131.2,0.65,127.1,Northeast
Assam,2022,Television & Monitors,504.9,130.5,0.259,94.5,0.724,71.1,Northeast
Assam,2022,Refrigerators & AC,547.1,155.8,0.285,93.6,0.601,102.4,Northeast
Assam,2022,Washing Machines,310.9,102.7,0.33,78.8,0.767,41.9,Northeast
Assam,2022,Printers & Scanners,223.4,67.3,0.301,52.6,0.782,29.1,Northeast
Assam,2022,Batteries & Cells,299.9,82.7,0.276,70.1,0.848,44.9,Northeast
Assam,2022,Lighting Equipment,175.5,46.3,0.264,29.8,0.644,21.8,Northeast
Assam,2023,Computers & Peripherals,764.7,275.2,0.36,186.6,0.678,148.2,Northeast
Assam,2023,Mobile Phones & Tablets,660.8,235,0.356,143.7,0.611,135.6,Northeast
Assam,2023,Television & Monitors,570.5,169.7,0.297,117,0.689,93.4,Northeast
Assam,2023,Refrigerators & AC,527.4,193.8,0.367,120.8,0.623,106.3,Northeast
Assam,2023,Washing Machines,270.5,86.6,0.32,72.8,0.841,39.8,Northeast
Assam,2023,Printers & Scanners,249.2,90.9,0.365,72.7,0.8,46.1,Northeast
Assam,2023,Batteries & Cells,352.9,102.9,0.292,79.6,0.774,44.4,Northeast
Assam,2023,Lighting Equipment,202.4,60,0.296,42.2,0.703,36.2,Northeast
Chhattisgarh,2018,Computers & Peripherals,755.1,175,0.232,112.9,0.645,119.3,Central
Chhattisgarh,2018,Mobile Phones & Tablets,618.3,116.8,0.189,90.1,0.771,126,Central
Chhattisgarh,2018,Television & Monitors,534.5,104.6,0.196,86.8,0.83,70.2,Central
Chhattisgarh,2018,Refrigerators & AC,438.5,83.3,0.19,55.4,0.665,66.4,Central
Chhattisgarh,2018,Washing Machines,268.6,62.2,0.232,49.3,0.793,47.7,Central
Chhattisgarh,2018,Printers & Scanners,227.5,57.2,0.252,43.9,0.767,35,Central
Chhattisgarh,2018,Batteries & Cells,289.6,67.5,0.233,42.1,0.624,53.9,Central
Chhattisgarh,2018,Lighting Equipment,150.3,31.5,0.21,24.2,0.768,23.8,Central
Chhattisgarh,2019,Computers & Peripherals,845,214.9,0.254,182,0.847,106,Central
Chhattisgarh,2019,Mobile Phones & Tablets,734.8,164.8,0.224,133.9,0.812,150.8,Central
Chhattisgarh,2019,Television & Monitors,580,126.5,0.218,91.4,0.723,83.6,Central
Chhattisgarh,2019,Refrigerators & AC,553.4,119.7,0.216,78.5,0.656,102,Central
Chhattisgarh,2019,Washing Machines,277.6,63.9,0.23,45.7,0.715,55.6,Central
Chhattisgarh,2019,Printers & Scanners,245.5,67.9,0.277,48.3,0.711,32.4,Central
Chhattisgarh,2019,Batteries & Cells,319.5,83.6,0.262,52.3,0.626,51.5,Central
Chhattisgarh,2019,Lighting Equipment,180,38.3,0.213,23.9,0.624,32.5,Central
Chhattisgarh,2020,Computers & Peripherals,789.3,156,0.198,113.4,0.727,111,Central
Chhattisgarh,2020,Mobile Phones & Tablets,726.3,173.1,0.238,119.6,0.691,91.1,Central
Chhattisgarh,2020,Television & Monitors,488.4,101.2,0.207,74.9,0.74,88.9,Central
Chhattisgarh,2020,Refrigerators & AC,485.2,106.7,0.22,83.1,0.779,63.8,Central
Chhattisgarh,2020,Washing Machines,296.4,57,0.192,39.1,0.686,60.2,Central
Chhattisgarh,2020,Printers & Scanners,271.4,53.4,0.197,39,0.73,51.6,Central
Chhattisgarh,2020,Batteries & Cells,279.7,52.8,0.189,33.5,0.634,53.6,Central
Chhattisgarh,2020,Lighting Equipment,183.7,34,0.185,25.6,0.753,25.5,Central
Chhattisgarh,2021,Computers & Peripherals,885.4,231.4,0.261,165.3,0.714,175.4,Central
Chhattisgarh,2021,Mobile Phones & Tablets,767.6,182.9,0.238,128.7,0.704,163.2,Central
Chhattisgarh,2021,Television & Monitors,591.5,164,0.277,130.1,0.793,97.6,Central
Chhattisgarh,2021,Refrigerators & AC,530.1,162.7,0.307,103.1,0.634,90.1,Central
Chhattisgarh,2021,Washing Machines,294,68.6,0.233,57.2,0.834,59.9,Central
Chhattisgarh,2021,Printers & Scanners,254.3,68.8,0.271,57.1,0.83,35,Central
Chhattisgarh,2021,Batteries & Cells,334.5,96.6,0.289,61.1,0.633,53.1,Central
Chhattisgarh,2021,Lighting Equipment,186.8,56.2,0.301,40.8,0.726,29.6,Central
Chhattisgarh,2022,Computers & Peripherals,926.3,312.6,0.337,247.1,0.79,136.5,Central
Chhattisgarh,2022,Mobile Phones & Tablets,839.2,287.3,0.342,204.9,0.713,111.9,Central
Chhattisgarh,2022,Television & Monitors,554.5,176.3,0.318,138.8,0.787,83.1,Central
Chhattisgarh,2022,Refrigerators & AC,554.2,184.3,0.332,143.4,0.778,118.4,Central
Chhattisgarh,2022,Washing Machines,311.7,85.1,0.273,64.3,0.756,46.5,Central
Chhattisgarh,2022,Printers & Scanners,254.5,80.3,0.316,67.9,0.846,47.1,Central
Chhattisgarh,2022,Batteries & Cells,377.2,113.3,0.3,87.6,0.773,57.4,Central
Chhattisgarh,2022,Lighting Equipment,171.4,49.1,0.287,35.4,0.721,30.3,Central
Chhattisgarh,2023,Computers & Peripherals,893.3,287.5,0.322,226.3,0.787,182.4,Central
Chhattisgarh,2023,Mobile Phones & Tablets,740.7,269.9,0.364,216.5,0.802,127.6,Central
Chhattisgarh,2023,Television & Monitors,518.9,153,0.295,117.4,0.767,72.6,Central
Chhattisgarh,2023,Refrigerators & AC,579.4,171.8,0.296,115.4,0.672,84,Central
Chhattisgarh,2023,Washing Machines,337.8,117.8,0.349,79.4,0.674,66,Central
Chhattisgarh,2023,Printers & Scanners,242.6,87.6,0.361,54.8,0.626,50.2,Central
Chhattisgarh,2023,Batteries & Cells,371.6,136,0.366,106.8,0.785,65.4,Central
Chhattisgarh,2023,Lighting Equipment,182.9,65.5,0.358,52.4,0.8,27.2,Central
Uttarakhand,2018,Computers & Peripherals,640.3,158.9,0.248,110.7,0.697,138.1,North
Uttarakhand,2018,Mobile Phones & Tablets,624,129.6,0.208,95.6,0.738,75.7,North
Uttarakhand,2018,Television & Monitors,394.9,90,0.228,71.6,0.796,81.7,North
Uttarakhand,2018,Refrigerators & AC,423,104.5,0.247,81.1,0.776,78.2,North
Uttarakhand,2018,Washing Machines,237.7,53,0.223,39.8,0.751,47,North
Uttarakhand,2018,Printers & Scanners,217.8,45,0.206,29,0.644,41,North
Uttarakhand,2018,Batteries & Cells,233.1,46.3,0.198,33.7,0.728,36.8,North
Uttarakhand,2018,Lighting Equipment,137.6,30.8,0.224,19.5,0.633,24.5,North
Uttarakhand,2019,Computers & Peripherals,643.6,152.7,0.237,118.7,0.777,87.2,North
Uttarakhand,2019,Mobile Phones & Tablets,569.9,134.9,0.237,82.7,0.613,121.5,North
Uttarakhand,2019,Television & Monitors,479.1,125.6,0.262,90.8,0.723,84.9,North
Uttarakhand,2019,Refrigerators & AC,420.3,114,0.271,77.5,0.68,59.7,North
Uttarakhand,2019,Washing Machines,229.8,50,0.218,36.3,0.726,37.1,North
Uttarakhand,2019,Printers & Scanners,219.5,48.2,0.219,31.6,0.656,31,North
Uttarakhand,2019,Batteries & Cells,268.4,64.3,0.24,42.1,0.655,52.4,North
Uttarakhand,2019,Lighting Equipment,156.5,45,0.287,36.3,0.807,34.1,North
Uttarakhand,2020,Computers & Peripherals,592.3,130.7,0.221,93,0.712,124.6,North
Uttarakhand,2020,Mobile Phones & Tablets,627.1,136.5,0.218,114.6,0.84,118.1,North
Uttarakhand,2020,Television & Monitors,438.1,103.5,0.236,86.6,0.837,69.5,North
Uttarakhand,2020,Refrigerators & AC,431.4,84.7,0.196,70.1,0.828,87.2,North
Uttarakhand,2020,Washing Machines,236.8,54.2,0.229,38.6,0.712,29.5,North
Uttarakhand,2020,Printers & Scanners,234.1,44.6,0.191,32.5,0.729,50.3,North
Uttarakhand,2020,Batteries & Cells,252.8,60.4,0.239,44.4,0.735,30.5,North
Uttarakhand,2020,Lighting Equipment,136.7,30.2,0.221,24,0.795,28.2,North
Uttarakhand,2021,Computers & Peripherals,689.5,164,0.238,120.4,0.734,131.2,North
Uttarakhand,2021,Mobile Phones & Tablets,711.4,207.9,0.292,158.3,0.761,152.2,North
Uttarakhand,2021,Television & Monitors,507.2,122.7,0.242,87.7,0.715,77.7,North
Uttarakhand,2021,Refrigerators & AC,402.6,94.2,0.234,75.2,0.798,70.8,North
Uttarakhand,2021,Washing Machines,260,64.5,0.248,42.9,0.665,41.3,North
Uttarakhand,2021,Printers & Scanners,230.4,61,0.265,36.9,0.605,43.2,North
Uttarakhand,2021,Batteries & Cells,289.7,81.5,0.281,61.5,0.755,56.7,North
Uttarakhand,2021,Lighting Equipment,162.9,46.6,0.286,28.8,0.618,34.7,North
Uttarakhand,2022,Computers & Peripherals,658.2,214.5,0.326,144.9,0.676,84.7,North
Uttarakhand,2022,Mobile Phones & Tablets,702.9,206.9,0.294,144.6,0.699,130.8,North
Uttarakhand,2022,Television & Monitors,492.5,149.2,0.303,94.6,0.634,78.4,North
Uttarakhand,2022,Refrigerators & AC,495.6,150.7,0.304,126.6,0.84,66.6,North
Uttarakhand,2022,Washing Machines,275.6,93,0.337,74.3,0.799,53.2,North
Uttarakhand,2022,Printers & Scanners,224.2,76.3,0.34,56.3,0.738,39.3,North
Uttarakhand,2022,Batteries & Cells,270.5,69.1,0.255,51.8,0.75,47,North
Uttarakhand,2022,Lighting Equipment,182.9,51.7,0.282,40.7,0.787,38.5,North
Uttarakhand,2023,Computers & Peripherals,723.4,232.5,0.321,177,0.761,123.9,North
Uttarakhand,2023,Mobile Phones & Tablets,627.6,189.8,0.302,153.5,0.809,87.5,North
Uttarakhand,2023,Television & Monitors,473.2,170.2,0.36,138.4,0.813,97.1,North
Uttarakhand,2023,Refrigerators & AC,527.9,200,0.379,143.1,0.715,92.4,North
Uttarakhand,2023,Washing Machines,259.5,74.5,0.287,46.5,0.624,50,North
Uttarakhand,2023,Printers & Scanners,238.4,74.7,0.313,47.2,0.632,44.2,North
Uttarakhand,2023,Batteries & Cells,277.9,95,0.342,78.4,0.825,42.2,North
Uttarakhand,2023,Lighting Equipment,168.8,57.6,0.342,39,0.677,30.1,North
